relpath,filename,hash,class,run,layout,split
Fail\Dent\250827_104700_A35W_14-1 [1024].bmp,250827_104700_A35W_14-1 [1024].bmp,087d88823a511e497631825c8eb56027,Dent,250827_104700,L0,train
Fail\Dent\250827_104700_A35W_15-1 [1024].bmp,250827_104700_A35W_15-1 [1024].bmp,ac4c79d7ed62ebc0dc501879520bf156,Dent,250827_104700,L0,train
Fail\Dent\250827_104700_A35W_17-1 [1024].bmp,250827_104700_A35W_17-1 [1024].bmp,0702f93bc3f768385f051ba2eb326755,Dent,250827_104700,L0,train
Fail\Dent\250827_104700_A35W_19-2 [16384].bmp,250827_104700_A35W_19-2 [16384].bmp,7477fbcd9782851ae00971fb54a8f400,Dent,250827_104700,L0,train
Fail\Dent\250827_104700_A35W_21-3 [16].bmp,250827_104700_A35W_21-3 [16].bmp,d05161e296a6f21a3445746b56920a52,Dent,250827_104700,L0,train
Fail\Dent\250827_104700_A35W_22-3 [16].bmp,250827_104700_A35W_22-3 [16].bmp,291486385d29e6f5fe260cf990c6ff54,Dent,250827_104700,L0,train
Fail\Dent\250907_142008_A35W_11-3 [16].bmp,250907_142008_A35W_11-3 [16].bmp,4380dff8c82c358f8e4a2038bcf683d0,Dent,250907_142008,L0,train
Fail\Dent\250907_142008_A35W_4-1 [1024].bmp,250907_142008_A35W_4-1 [1024].bmp,4ee07437d98cba08b1d25da4f14253f8,Dent,250907_142008,L0,train
Fail\Dent\250907_142008_A35W_5-2 [16].bmp,250907_142008_A35W_5-2 [16].bmp,a8d817f591048af3b088d36ce0e5a89c,Dent,250907_142008,L0,train
Fail\Dent\250907_142008_A35W_7-2 [16].bmp,250907_142008_A35W_7-2 [16].bmp,705cb6bd064c72d1cffff80b0c0f05f9,Dent,250907_142008,L0,train
Fail\Dent\250907_142008_A35W_7-3 [16].bmp,250907_142008_A35W_7-3 [16].bmp,7a0c968cc7b6ab4844ddb6fee3e8a87f,Dent,250907_142008,L0,train
Fail\Dent\250907_142008_A35W_9-2 [16].bmp,250907_142008_A35W_9-2 [16].bmp,f7d97e17e66c45dfb17b750148412401,Dent,250907_142008,L0,train
Fail\Dent\250907_142008_A35W_9-3 [16].bmp,250907_142008_A35W_9-3 [16].bmp,8ca318850f2aae0e04a9203f61888504,Dent,250907_142008,L0,train
Fail\Dent\250930_170704_A35W_1-1 [1024].bmp,250930_170704_A35W_1-1 [1024].bmp,077a132910b40d55806ebae952b0057d,Dent,250930_170704,L0,train
Fail\Dent\250930_170704_A35W_14-3 [16].bmp,250930_170704_A35W_14-3 [16].bmp,0ebb7cf108542a4d56674d6a965d0a2e,Dent,250930_170704,L0,train
Fail\Dent\250930_170704_A35W_15-3 [16].bmp,250930_170704_A35W_15-3 [16].bmp,7e14e44936668dc938d20fcd28d3e914,Dent,250930_170704,L0,train
Fail\Dent\250930_170704_A35W_16-3 [16].bmp,250930_170704_A35W_16-3 [16].bmp,ef0dae3e1e36fd63760ef4ec24bdd152,Dent,250930_170704,L0,train
Fail\Dent\250930_170704_A35W_17-3 [16].bmp,250930_170704_A35W_17-3 [16].bmp,daf62428c7fd2204d5b4116cbabf3690,Dent,250930_170704,L0,train
Fail\Dent\250930_170704_A35W_18-3 [16].bmp,250930_170704_A35W_18-3 [16].bmp,50aada4a1eff4d6caef90d57c335f568,Dent,250930_170704,L0,train
Fail\Dent\250930_170704_A35W_6-2 [16384].bmp,250930_170704_A35W_6-2 [16384].bmp,6521d6da1002d73e62c36a0a36b58676,Dent,250930_170704,L0,train
Fail\Dent\250930_170704_A35W_7-2 [16].bmp,250930_170704_A35W_7-2 [16].bmp,b97a1a2b8a6d668d42bd30d3df3d9509,Dent,250930_170704,L0,train
Fail\Dent\250930_170704_A35W_8-2 [16].bmp,250930_170704_A35W_8-2 [16].bmp,5aff33bd26f0f754ae191f92eb9d3015,Dent,250930_170704,L0,train
Fail\Dent\250930_170704_A35W_9-2 [16].bmp,250930_170704_A35W_9-2 [16].bmp,043f2cd904a0920c4beeef714575a23c,Dent,250930_170704,L0,train
Fail\Dent\251003_125510_A35W_20-3 [16].bmp,251003_125510_A35W_20-3 [16].bmp,b19f7569cfef29429cbd04f8e5e2ceb9,Dent,251003_125510,L0,train
Fail\Dent\251003_125510_A35W_21-3 [16].bmp,251003_125510_A35W_21-3 [16].bmp,bac272b269fa32515bf87613937bbd5e,Dent,251003_125510,L0,train
Fail\Dent\251003_125510_A35W_23-2 [16384].bmp,251003_125510_A35W_23-2 [16384].bmp,11efff11308ba9d65b93a510692b4917,Dent,251003_125510,L0,train
Fail\Dent\251003_125510_A35W_24-2 [16384].bmp,251003_125510_A35W_24-2 [16384].bmp,e88ef77b37b8dbf5dab7bbad37a60c4d,Dent,251003_125510,L0,train
Fail\Dent\251003_125510_A35W_27-1 [1024].bmp,251003_125510_A35W_27-1 [1024].bmp,c29e0e397671b96d7fdae6a673a88758,Dent,251003_125510,L0,train
Fail\Dent\251003_125510_A35W_28-1 [1024].bmp,251003_125510_A35W_28-1 [1024].bmp,b326a605b96ff8a6534c1ce0b50c486c,Dent,251003_125510,L0,train
Fail\Dent\251003_125510_A35W_29-1 [1024].bmp,251003_125510_A35W_29-1 [1024].bmp,82f4aba33d44d51a79f391941194c9da,Dent,251003_125510,L0,train
Fail\Dent\251003_125510_A35W_30-1 [1024].bmp,251003_125510_A35W_30-1 [1024].bmp,9dded1cdd03c0bf9008bbad9a06321ec,Dent,251003_125510,L0,train
Fail\Dent\251003_125510_A35W_31-1 [1024].bmp,251003_125510_A35W_31-1 [1024].bmp,13977d279a1be6bb684b4f228bfcc084,Dent,251003_125510,L0,train
Fail\Dent\251003_133647_A35W_10-2 [16384].bmp,251003_133647_A35W_10-2 [16384].bmp,bd02075bded775c9eeca333a64b2249e,Dent,251003_133647,L1,train
Fail\Dent\251003_133647_A35W_10-3 [16].bmp,251003_133647_A35W_10-3 [16].bmp,07c2de6057dca17ce63cba372213d493,Dent,251003_133647,L1,train
Fail\Dent\251003_133647_A35W_11-1 [1024].bmp,251003_133647_A35W_11-1 [1024].bmp,d0e9ec75c91026d70bc254e17b247e47,Dent,251003_133647,L1,train
Fail\Dent\251003_133647_A35W_15-2 [16384].bmp,251003_133647_A35W_15-2 [16384].bmp,9f03490a0ae7ee8dad65b4e08d0de5f4,Dent,251003_133647,L1,train
Fail\Dent\251003_133647_A35W_2-2 [16384].bmp,251003_133647_A35W_2-2 [16384].bmp,6137c70dab7e03f1897347d5ed88afc4,Dent,251003_133647,L1,train
Fail\Dent\251003_133647_A35W_5-1 [1024].bmp,251003_133647_A35W_5-1 [1024].bmp,9086a1afc6d058e87ec3056661ffd7ba,Dent,251003_133647,L1,train
Fail\Dent\251003_133647_A35W_7-1 [1024].bmp,251003_133647_A35W_7-1 [1024].bmp,b377ae44b03f65c5c5b22dd8eeb21dd3,Dent,251003_133647,L1,train
Fail\Dent\251003_133647_A35W_9-1 [1024].bmp,251003_133647_A35W_9-1 [1024].bmp,b4c000b0fc68a7b196f776975ab084ff,Dent,251003_133647,L1,train
Fail\Dent\251003_135630_A35W_2-3 [16].bmp,251003_135630_A35W_2-3 [16].bmp,e0ad9eb452256481bfbff46caf92e680,Dent,251003_135630,L1,train
Fail\Dent\251003_135630_A35W_24-1 [1024].bmp,251003_135630_A35W_24-1 [1024].bmp,80171faecb1cd35c42445bc74a4fa337,Dent,251003_135630,L1,train
Fail\Dent\251010_083430_A35W_1-1 [1024].bmp,251010_083430_A35W_1-1 [1024].bmp,c59d5acd88499c2ebdb8f5b32c53c310,Dent,251010_083430,L1,train
Fail\Dent\251010_083430_A35W_3-1 [1024].bmp,251010_083430_A35W_3-1 [1024].bmp,e14a0a92710a2c6f0c23ced6c048af22,Dent,251010_083430,L1,train
Fail\Dent\251010_083430_A35W_5-1 [1024].bmp,251010_083430_A35W_5-1 [1024].bmp,1ddf3902a483ba7a1422e31b87f9590f,Dent,251010_083430,L1,train
Fail\Dent\251016_140741_A35W_1-3 [262144].bmp,251016_140741_A35W_1-3 [262144].bmp,5347ffc7aa87c7059e95aa24a66330fc,Dent,251016_140741,L2,train
Fail\Dent\251016_140741_A35W_3-3 [1].bmp,251016_140741_A35W_3-3 [1].bmp,7921a9d4f737baeef8b3698f117f5b6a,Dent,251016_140741,L2,train
Fail\Dent\251016_140741_A35W_7-2 [16].bmp,251016_140741_A35W_7-2 [16].bmp,b24ae953acd25a089e7e860c4f79240d,Dent,251016_140741,L2,train
Fail\Loose\250827_104700_A35W_3-1 [1024].bmp,250827_104700_A35W_3-1 [1024].bmp,06493deb8eb948b402402d25c2c1bb22,Loose,250827_104700,L0,train
Fail\Loose\250827_104700_A35W_4-1 [1024].bmp,250827_104700_A35W_4-1 [1024].bmp,ca56224ccf38ca27f4383fe77f7da629,Loose,250827_104700,L0,train
Fail\Loose\250827_104700_A35W_6-2 [16384].bmp,250827_104700_A35W_6-2 [16384].bmp,3782c098bf8e7820bb9541c380285173,Loose,250827_104700,L0,train
Fail\Loose\250827_104700_A35W_8-3 [16].bmp,250827_104700_A35W_8-3 [16].bmp,668696437ec432ced7c19cca6aeb5ebe,Loose,250827_104700,L0,train
Fail\Loose\250907_140040_A35W_5-1 [1024].bmp,250907_140040_A35W_5-1 [1024].bmp,0bd43c3513d13ed73ff87c3cac0f7a18,Loose,250907_140040,L1,train
Fail\Loose\250907_140040_A35W_6-1 [1024].bmp,250907_140040_A35W_6-1 [1024].bmp,776edbf85e2c0e5bad6acb2c0915c7e1,Loose,250907_140040,L1,train
Fail\Loose\250907_140040_A35W_7-1 [1024].bmp,250907_140040_A35W_7-1 [1024].bmp,478edc87b5bce57a6aa8a5745cea49c0,Loose,250907_140040,L1,train
Fail\Loose\250907_140040_A35W_8-1 [1024].bmp,250907_140040_A35W_8-1 [1024].bmp,fab45b689e526c4fc3cc93fe7bfeb739,Loose,250907_140040,L1,train
Fail\Loose\250907_142008_A35W_1-1 [1024].bmp,250907_142008_A35W_1-1 [1024].bmp,a903d9de9e0f0830b188be47be1a5fc4,Loose,250907_142008,L0,train
Fail\Loose\250907_142008_A35W_4-3 [16].bmp,250907_142008_A35W_4-3 [16].bmp,137251360ab58aef031c4b398568c236,Loose,250907_142008,L0,train
Fail\Loose\250930_170029_A35W_1-1 [1024].bmp,250930_170029_A35W_1-1 [1024].bmp,f187f30d15f947bac7a59b56dd1a392b,Loose,250930_170029,L0,train
Fail\Loose\250930_170029_A35W_10-2 [16].bmp,250930_170029_A35W_10-2 [16].bmp,962da61c17f691422961e8f538ba4e2c,Loose,250930_170029,L0,train
Fail\Loose\250930_170029_A35W_11-2 [16].bmp,250930_170029_A35W_11-2 [16].bmp,e380fe1fd33a21f41863ffefacbbf5b1,Loose,250930_170029,L0,train
Fail\Loose\250930_170029_A35W_14-3 [16].bmp,250930_170029_A35W_14-3 [16].bmp,e4c0752ea7f299f7623bb95c66419ccf,Loose,250930_170029,L0,train
Fail\Loose\250930_170029_A35W_15-3 [16].bmp,250930_170029_A35W_15-3 [16].bmp,2b559d1ea690a97b207269daea2bef0a,Loose,250930_170029,L0,train
Fail\Loose\250930_170029_A35W_16-3 [16].bmp,250930_170029_A35W_16-3 [16].bmp,2ae4d654677659b6da3e1f918d95d3f6,Loose,250930_170029,L0,train
Fail\Loose\250930_170029_A35W_18-3 [16].bmp,250930_170029_A35W_18-3 [16].bmp,27a26f5d5d991d04f52f39a55eb4a8d7,Loose,250930_170029,L0,train
Fail\Loose\250930_170029_A35W_2-1 [1024].bmp,250930_170029_A35W_2-1 [1024].bmp,0ea2517dae56387e54768297f0878534,Loose,250930_170029,L0,train
Fail\Loose\250930_170029_A35W_3-1 [1024].bmp,250930_170029_A35W_3-1 [1024].bmp,0b5494d53e5b296d1f7fbab1a63bf85c,Loose,250930_170029,L0,train
Fail\Loose\250930_170029_A35W_4-1 [1024].bmp,250930_170029_A35W_4-1 [1024].bmp,080bdca147338cbf77fcaf3336fd24d0,Loose,250930_170029,L0,train
Fail\Loose\250930_170029_A35W_7-2 [16384].bmp,250930_170029_A35W_7-2 [16384].bmp,47fe82899e9588341d9cc28c2631c3c9,Loose,250930_170029,L0,train
Fail\Loose\250930_170029_A35W_8-2 [16384].bmp,250930_170029_A35W_8-2 [16384].bmp,f640972c5fabd5edb038ded5242d6d21,Loose,250930_170029,L0,train
Fail\Loose\250930_170029_A35W_9-2 [16384].bmp,250930_170029_A35W_9-2 [16384].bmp,e02823bc2516bf8edf27a589b36862d4,Loose,250930_170029,L0,train
Fail\Loose\251003_130559_A35W_1-1 [1024].bmp,251003_130559_A35W_1-1 [1024].bmp,b8c282559b504481ec539ce7d88bb2b8,Loose,251003_130559,L0,train
Fail\Loose\251003_130559_A35W_14-3 [16].bmp,251003_130559_A35W_14-3 [16].bmp,5f188e2f8f12c31f42fa271a2cfd083f,Loose,251003_130559,L0,train
Fail\Loose\251003_130559_A35W_16-3 [16].bmp,251003_130559_A35W_16-3 [16].bmp,bdf8ddfd66db40e4f6e1a783690572b7,Loose,251003_130559,L0,train
Fail\Loose\251003_130559_A35W_17-3 [16].bmp,251003_130559_A35W_17-3 [16].bmp,ff8aa8a6ee9b6a765debc941fdb4eec2,Loose,251003_130559,L0,train
Fail\Loose\251003_130559_A35W_2-1 [1024].bmp,251003_130559_A35W_2-1 [1024].bmp,1a1e66dbda782dcb82d0ec1f8e6edd21,Loose,251003_130559,L0,train
Fail\Loose\251003_130559_A35W_3-1 [1024].bmp,251003_130559_A35W_3-1 [1024].bmp,1083249c80abafdf38ab28944cd96b80,Loose,251003_130559,L0,train
Fail\Loose\251003_130559_A35W_4-1 [1024].bmp,251003_130559_A35W_4-1 [1024].bmp,bd4d37f8f9be673bbdcaa30b9ea3a327,Loose,251003_130559,L0,train
Fail\Loose\251003_130559_A35W_5-1 [1024].bmp,251003_130559_A35W_5-1 [1024].bmp,92cc9127eca4d5005fa2a08b77d0d8ce,Loose,251003_130559,L0,train
Fail\Loose\251003_133647_A35W_17-1 [1024].bmp,251003_133647_A35W_17-1 [1024].bmp,a38f2330a30711355eb248dc42d5bd2d,Loose,251003_133647,L1,train
Fail\Loose\251003_133647_A35W_18-1 [1024].bmp,251003_133647_A35W_18-1 [1024].bmp,1b7585a633f618e330eff0318b0612e6,Loose,251003_133647,L1,train
Fail\Loose\251003_133647_A35W_4-1 [1024].bmp,251003_133647_A35W_4-1 [1024].bmp,9b1db552005991fe7e50f602d709df79,Loose,251003_133647,L1,train
Fail\Loose\251003_133647_A35W_8-1 [1024].bmp,251003_133647_A35W_8-1 [1024].bmp,73d8f572898ee3ccf0b11b4e6b6c4529,Loose,251003_133647,L1,train
Fail\Loose\251003_135630_A35W_1-1 [1024].bmp,251003_135630_A35W_1-1 [1024].bmp,f062bded486431da1e4b34ddc7b20961,Loose,251003_135630,L1,train
Fail\Loose\251003_135630_A35W_11-2 [16384].bmp,251003_135630_A35W_11-2 [16384].bmp,707c481b299aab58a316a4770cfbdeef,Loose,251003_135630,L1,train
Fail\Loose\251003_135630_A35W_14-1 [1024].bmp,251003_135630_A35W_14-1 [1024].bmp,925f1bb87f735e3ea9b7f67cafb7a6f4,Loose,251003_135630,L1,train
Fail\Loose\251003_135630_A35W_17-1 [1024].bmp,251003_135630_A35W_17-1 [1024].bmp,1cf6ca727b088d7333daca3de4549af6,Loose,251003_135630,L1,train
Fail\Loose\251003_135630_A35W_18-1 [1024].bmp,251003_135630_A35W_18-1 [1024].bmp,a1e3d24b4d9f21cde4c561e5cc85e449,Loose,251003_135630,L1,train
Fail\Loose\251003_135630_A35W_20-1 [1024].bmp,251003_135630_A35W_20-1 [1024].bmp,b42606e4c629586bb81c6f9f8c5434d6,Loose,251003_135630,L1,train
Fail\Loose\251003_135630_A35W_21-1 [1024].bmp,251003_135630_A35W_21-1 [1024].bmp,b830b0ca7d11fff17c83db428e50f58d,Loose,251003_135630,L1,train
Fail\Loose\251003_135630_A35W_22-1 [1024].bmp,251003_135630_A35W_22-1 [1024].bmp,d722611e1fd51c781a4f4160d8253022,Loose,251003_135630,L1,train
Fail\Loose\251003_135630_A35W_23-1 [1024].bmp,251003_135630_A35W_23-1 [1024].bmp,bc858b929a9d4f3bde8caf9613ab0e66,Loose,251003_135630,L1,train
Fail\Loose\251003_135630_A35W_3-2 [16384].bmp,251003_135630_A35W_3-2 [16384].bmp,65b0032a1409e623dcad473255874b12,Loose,251003_135630,L1,train
Fail\Loose\251003_135630_A35W_4-2 [16384].bmp,251003_135630_A35W_4-2 [16384].bmp,0fa826db5f711d80ad16a3a9aca171b5,Loose,251003_135630,L1,train
Fail\Loose\251003_135630_A35W_5-1 [1024].bmp,251003_135630_A35W_5-1 [1024].bmp,b852b8ddca68e935c6523e4de1e965d3,Loose,251003_135630,L1,train
Fail\Loose\251003_135630_A35W_7-3 [16].bmp,251003_135630_A35W_7-3 [16].bmp,c30038ed72d7cbdcf6213460df55caca,Loose,251003_135630,L1,train
Fail\Loose\251010_085148_A35W_2-1 [1024].bmp,251010_085148_A35W_2-1 [1024].bmp,619581ca313848502f65208a942b4a43,Loose,251010_085148,L2,train
Fail\Loose\251010_085148_A35W_3-1 [1024].bmp,251010_085148_A35W_3-1 [1024].bmp,233bb0ff5ba5a72861c2dfd444d6aebe,Loose,251010_085148,L2,train
Fail\Loose\251010_085148_A35W_4-2 [16].bmp,251010_085148_A35W_4-2 [16].bmp,b60d337c627868c158762c6eeec28332,Loose,251010_085148,L2,train
Fail\Loose\251010_085148_A35W_5-2 [16].bmp,251010_085148_A35W_5-2 [16].bmp,4c8eb2c052072d228139ecdc9c6c8000,Loose,251010_085148,L2,train
Fail\Loose\251010_085148_A35W_6-2 [16384].bmp,251010_085148_A35W_6-2 [16384].bmp,a7154bf93ec1386484c36e1f5feb59d0,Loose,251010_085148,L2,train
Fail\Loose\251010_085534_A35W_1-3 [16].bmp,251010_085534_A35W_1-3 [16].bmp,321774b03def1dd995cdcd245d785e8c,Loose,251010_085534,L3,train
Fail\Loose\251010_085534_A35W_2-3 [16].bmp,251010_085534_A35W_2-3 [16].bmp,82d7113c96543078456964aaa4753861,Loose,251010_085534,L3,train
Fail\Loose\251010_085534_A35W_3-3 [16].bmp,251010_085534_A35W_3-3 [16].bmp,795fee198ae11de3303d10bfe85a09e3,Loose,251010_085534,L3,train
Fail\Loose\251016_140741_A35W_10-2 [16384].bmp,251016_140741_A35W_10-2 [16384].bmp,5b265617423ba748d568ec801da0733f,Loose,251016_140741,L2,train
Fail\Loose\251016_140741_A35W_11-3 [262144].bmp,251016_140741_A35W_11-3 [262144].bmp,b8fedf8a68ad5bdcd99c06ad591a6a22,Loose,251016_140741,L2,train
Fail\Loose\251016_140741_A35W_14-2 [16].bmp,251016_140741_A35W_14-2 [16].bmp,03198f3c541392af343c1e315966a5f4,Loose,251016_140741,L2,train
Fail\Loose\251016_140741_A35W_15-2 [16].bmp,251016_140741_A35W_15-2 [16].bmp,7228b17a41e1627f9b3501d8d91838fc,Loose,251016_140741,L2,train
Fail\Loose\251016_140741_A35W_16-1 [16].bmp,251016_140741_A35W_16-1 [16].bmp,f8b99fe69a51ea18c2d7646f9c4029fd,Loose,251016_140741,L2,train
Fail\Loose\251016_140741_A35W_17-1 [16].bmp,251016_140741_A35W_17-1 [16].bmp,5ae7de0b5d6a6455fec8e57a112ac77c,Loose,251016_140741,L2,train
Fail\Loose\251016_140741_A35W_21-1 [16].bmp,251016_140741_A35W_21-1 [16].bmp,9212a5bea6773fba759bbb838049457d,Loose,251016_140741,L2,train
Fail\Loose\251016_140741_A35W_22-1 [16].bmp,251016_140741_A35W_22-1 [16].bmp,0eddcaa93fc1d8b2404ba6ffebec0a8f,Loose,251016_140741,L2,train
Fail\Loose\251016_140741_A35W_4-3 [262144].bmp,251016_140741_A35W_4-3 [262144].bmp,3b24a9bda4b374201a552631d8d484f3,Loose,251016_140741,L2,train
Fail\Loose\251016_140741_A35W_6-1 [16].bmp,251016_140741_A35W_6-1 [16].bmp,df33fee11ab16c5f09e59a9590a9f292,Loose,251016_140741,L2,train
Fail\Loose\251016_145335_A35W_11-1 [1024].bmp,251016_145335_A35W_11-1 [1024].bmp,592b79931a2d5dd47a926763674968bd,Loose,251016_145335,L1,train
Fail\Loose\251016_145335_A35W_12-1 [16].bmp,251016_145335_A35W_12-1 [16].bmp,fcffc704f33318f15e0051d0843c077e,Loose,251016_145335,L1,train
Fail\Loose\251016_145335_A35W_13-3 [262144].bmp,251016_145335_A35W_13-3 [262144].bmp,bc82b1f0dae4455d1cfc10bff0a76536,Loose,251016_145335,L1,train
Fail\Loose\251016_145335_A35W_6-1 [1024].bmp,251016_145335_A35W_6-1 [1024].bmp,8394dd17f8cb4cfdf6fb8d0ba22df9d0,Loose,251016_145335,L1,train
Pass\250907_151900_A35W_1-1 [1024].bmp,250907_151900_A35W_1-1 [1024].bmp,f5549d4be53a52a087670b7dd0e853c4,Pass,250907_151900,L0,train
Pass\250907_151900_A35W_1-2 [16384].bmp,250907_151900_A35W_1-2 [16384].bmp,bd5db12396d08789dcfb972537489e70,Pass,250907_151900,L0,train
Pass\250907_151900_A35W_1-3 [16].bmp,250907_151900_A35W_1-3 [16].bmp,916493907e80a2152cf30d941b1533e1,Pass,250907_151900,L0,train
Pass\250907_151900_A35W_10-1 [1024].bmp,250907_151900_A35W_10-1 [1024].bmp,4dc91e7e8ea29c0d4067b50e95b4196e,Pass,250907_151900,L0,train
Pass\250907_151900_A35W_10-2 [16384].bmp,250907_151900_A35W_10-2 [16384].bmp,8d2ec50c6bd263eac703c062d8d3ea1f,Pass,250907_151900,L0,train
Pass\250907_151900_A35W_10-3 [16].bmp,250907_151900_A35W_10-3 [16].bmp,17b34423c8c553248dff1bea40043fd5,Pass,250907_151900,L0,train
Pass\250907_151900_A35W_11-1 [1024].bmp,250907_151900_A35W_11-1 [1024].bmp,c09c49bd9b8cc3a9a1813199f0a51da8,Pass,250907_151900,L0,train
Pass\250907_151900_A35W_11-2 [16].bmp,250907_151900_A35W_11-2 [16].bmp,54893fb0f346df2b78e4483b38bea3cc,Pass,250907_151900,L0,train
Pass\250907_151900_A35W_11-3 [16].bmp,250907_151900_A35W_11-3 [16].bmp,a0c3baccc81ad3ef75dc37098a5f1b05,Pass,250907_151900,L0,train
Pass\250907_151900_A35W_12-2 [16].bmp,250907_151900_A35W_12-2 [16].bmp,7f607f533ad7feb386e3a212c5b5c352,Pass,250907_151900,L0,train
Pass\250907_151900_A35W_12-3 [16].bmp,250907_151900_A35W_12-3 [16].bmp,f92489d940201e25b78f4366cb519294,Pass,250907_151900,L0,train
Pass\250907_151900_A35W_13-2 [16].bmp,250907_151900_A35W_13-2 [16].bmp,add97605b601432bca416e774c7cd4e0,Pass,250907_151900,L0,train
Pass\250907_151900_A35W_14-2 [16384].bmp,250907_151900_A35W_14-2 [16384].bmp,8389775f8dc1f89c1ebe3daf14da5216,Pass,250907_151900,L0,train
Pass\250907_151900_A35W_15-1 [1024].bmp,250907_151900_A35W_15-1 [1024].bmp,8e884fa1c21248d69122d63737faccfa,Pass,250907_151900,L0,train
Pass\250907_151900_A35W_15-2 [16384].bmp,250907_151900_A35W_15-2 [16384].bmp,f53d6cf5cc9905a0403a371e4120e7e0,Pass,250907_151900,L0,train
Pass\250907_151900_A35W_16-1 [1024].bmp,250907_151900_A35W_16-1 [1024].bmp,8d6960a59c5f72cf4bc2f05e7154f152,Pass,250907_151900,L0,train
Pass\250907_151900_A35W_16-2 [16384].bmp,250907_151900_A35W_16-2 [16384].bmp,fe606abeb6b4b58b96a6679974df3146,Pass,250907_151900,L0,train
Pass\250907_151900_A35W_17-2 [16384].bmp,250907_151900_A35W_17-2 [16384].bmp,ba669dedddb0e2781b6439cfef65b9b9,Pass,250907_151900,L0,train
Pass\250907_151900_A35W_17-3 [16].bmp,250907_151900_A35W_17-3 [16].bmp,0228124cea1bd1d6f16474f583ffa145,Pass,250907_151900,L0,train
Pass\250907_151900_A35W_18-2 [16384].bmp,250907_151900_A35W_18-2 [16384].bmp,12d3df91718f17a9ab4028b91dd5f9ac,Pass,250907_151900,L0,train
Pass\250907_151900_A35W_18-3 [16].bmp,250907_151900_A35W_18-3 [16].bmp,dab5614cde0f8e70ac4bb23ec4225563,Pass,250907_151900,L0,train
Pass\250907_151900_A35W_19-1 [1024].bmp,250907_151900_A35W_19-1 [1024].bmp,ba573b15d65224484558cf6abe2e6447,Pass,250907_151900,L0,train
Pass\250907_151900_A35W_19-2 [16384].bmp,250907_151900_A35W_19-2 [16384].bmp,51a26008dc389e7fc289f3974ddc2a80,Pass,250907_151900,L0,train
Pass\250907_151900_A35W_19-3 [16].bmp,250907_151900_A35W_19-3 [16].bmp,f423fa72700d6f006ee9c5742c0ab0fa,Pass,250907_151900,L0,train
Pass\250907_151900_A35W_2-2 [16384].bmp,250907_151900_A35W_2-2 [16384].bmp,7e82611f3ebfc8b0f1dfbed3708469eb,Pass,250907_151900,L0,train
Pass\250907_151900_A35W_2-3 [16].bmp,250907_151900_A35W_2-3 [16].bmp,73eb90860460f862d8d57ea1a56628f5,Pass,250907_151900,L0,train
Pass\250907_151900_A35W_20-1 [1024].bmp,250907_151900_A35W_20-1 [1024].bmp,1063797a899e6232608f83ef0800f87f,Pass,250907_151900,L0,train
Pass\250907_151900_A35W_20-2 [16384].bmp,250907_151900_A35W_20-2 [16384].bmp,2c59d8d32ec3ee42b08eeee42219b0f1,Pass,250907_151900,L0,train
Pass\250907_151900_A35W_20-3 [16].bmp,250907_151900_A35W_20-3 [16].bmp,6d23c6cffcec927fa3b863348eada035,Pass,250907_151900,L0,train
Pass\250907_151900_A35W_21-1 [1024].bmp,250907_151900_A35W_21-1 [1024].bmp,f4025a99ef5757f699230c9b90878683,Pass,250907_151900,L0,train
Pass\250907_151900_A35W_21-2 [16384].bmp,250907_151900_A35W_21-2 [16384].bmp,549cd8aa975ddbb8f4432581da91878a,Pass,250907_151900,L0,train
Pass\250907_151900_A35W_21-3 [16].bmp,250907_151900_A35W_21-3 [16].bmp,d4c454261c86fbaa608a22739d71082e,Pass,250907_151900,L0,train
Pass\250907_151900_A35W_22-1 [1024].bmp,250907_151900_A35W_22-1 [1024].bmp,e790c34b27a2ac096e0e708f19c8dfc3,Pass,250907_151900,L0,train
Pass\250907_151900_A35W_22-2 [16384].bmp,250907_151900_A35W_22-2 [16384].bmp,04cd0f96cf3a498b0acb402c5c50ad48,Pass,250907_151900,L0,train
Pass\250907_151900_A35W_22-3 [16].bmp,250907_151900_A35W_22-3 [16].bmp,93113462e21152ab27816a321e051b4a,Pass,250907_151900,L0,train
Pass\250907_151900_A35W_23-1 [1024].bmp,250907_151900_A35W_23-1 [1024].bmp,871cc7c22a4a066315c40ccc9888e1a5,Pass,250907_151900,L0,train
Pass\250907_151900_A35W_23-3 [16].bmp,250907_151900_A35W_23-3 [16].bmp,f91d36327d15f03434bdc35127fe9197,Pass,250907_151900,L0,train
Pass\250907_151900_A35W_24-1 [1024].bmp,250907_151900_A35W_24-1 [1024].bmp,278a8bb4e8c66428236b2785af70da38,Pass,250907_151900,L0,train
Pass\250907_151900_A35W_24-2 [16384].bmp,250907_151900_A35W_24-2 [16384].bmp,3bda12dd385012063c2451073ef17cca,Pass,250907_151900,L0,train
Pass\250907_151900_A35W_24-3 [16].bmp,250907_151900_A35W_24-3 [16].bmp,a105ab7690090113b7458036dd2b6775,Pass,250907_151900,L0,train
Pass\250907_151900_A35W_25-1 [1024].bmp,250907_151900_A35W_25-1 [1024].bmp,da34ecb70bd7ec87e7365d14d3bfe702,Pass,250907_151900,L0,train
Pass\250907_151900_A35W_25-2 [16384].bmp,250907_151900_A35W_25-2 [16384].bmp,7a386b25c5575471610ab7630cca79d2,Pass,250907_151900,L0,train
Pass\250907_151900_A35W_25-3 [16].bmp,250907_151900_A35W_25-3 [16].bmp,e637a352217d3eebaaeb7d269a31b95c,Pass,250907_151900,L0,train
Pass\250907_151900_A35W_26-1 [1024].bmp,250907_151900_A35W_26-1 [1024].bmp,4a370d88ed3c067848366a7c35ffab4a,Pass,250907_151900,L0,train
Pass\250907_151900_A35W_26-2 [16384].bmp,250907_151900_A35W_26-2 [16384].bmp,fc23e7668bc846bd48b3b194e65c8a08,Pass,250907_151900,L0,train
Pass\250907_151900_A35W_26-3 [16].bmp,250907_151900_A35W_26-3 [16].bmp,31c49cf2496aa17d95fd0eec11a98e60,Pass,250907_151900,L0,train
Pass\250907_151900_A35W_27-1 [1024].bmp,250907_151900_A35W_27-1 [1024].bmp,a915331a2164581de59fb13c501b5d52,Pass,250907_151900,L0,train
Pass\250907_151900_A35W_27-2 [16384].bmp,250907_151900_A35W_27-2 [16384].bmp,8579409f9672d428ee636d476a868a4f,Pass,250907_151900,L0,train
Pass\250907_151900_A35W_27-3 [262144].bmp,250907_151900_A35W_27-3 [262144].bmp,f886a2f174c4a9f325aaf8de32077b64,Pass,250907_151900,L0,train
Pass\250907_151900_A35W_28-1 [1024].bmp,250907_151900_A35W_28-1 [1024].bmp,61dc94bcda021debadef291398986ca6,Pass,250907_151900,L0,train
Pass\250907_151900_A35W_28-2 [16384].bmp,250907_151900_A35W_28-2 [16384].bmp,2528984981b3c1e5356037fa313eadbd,Pass,250907_151900,L0,train
Pass\250907_151900_A35W_28-3 [16].bmp,250907_151900_A35W_28-3 [16].bmp,a9186006a2d2c43b969bd36b8e1e8e15,Pass,250907_151900,L0,train
Pass\250907_151900_A35W_29-3 [16].bmp,250907_151900_A35W_29-3 [16].bmp,91a12763daa562f9f60e7accf40aeb81,Pass,250907_151900,L0,train
Pass\250907_151900_A35W_3-1 [1024].bmp,250907_151900_A35W_3-1 [1024].bmp,bc84d310e6cf4a3ed99511971b4d5f51,Pass,250907_151900,L0,train
Pass\250907_151900_A35W_3-2 [16384].bmp,250907_151900_A35W_3-2 [16384].bmp,19ff966d25d4d7903ca662463b877303,Pass,250907_151900,L0,train
Pass\250907_151900_A35W_3-3 [16].bmp,250907_151900_A35W_3-3 [16].bmp,e03b084b16401549a8cc7e1a2deb3a27,Pass,250907_151900,L0,train
Pass\250907_151900_A35W_30-2 [16384].bmp,250907_151900_A35W_30-2 [16384].bmp,1969a09fc1647b2499ae9066c18af285,Pass,250907_151900,L0,train
Pass\250907_151900_A35W_4-1 [1024].bmp,250907_151900_A35W_4-1 [1024].bmp,866e69fadf1f26881bacbc46e649ec9e,Pass,250907_151900,L0,train
Pass\250907_151900_A35W_4-2 [16384].bmp,250907_151900_A35W_4-2 [16384].bmp,c4c1f1f383f2e5f6044882145f839823,Pass,250907_151900,L0,train
Pass\250907_151900_A35W_4-3 [16].bmp,250907_151900_A35W_4-3 [16].bmp,47ac719b416d4a553eb77239ebd5a29f,Pass,250907_151900,L0,train
Pass\250907_151900_A35W_6-2 [16384].bmp,250907_151900_A35W_6-2 [16384].bmp,603713e96f60b32def6feb7c94f8fb53,Pass,250907_151900,L0,train
Pass\250907_151900_A35W_6-3 [16].bmp,250907_151900_A35W_6-3 [16].bmp,137e281031ea61ea0d4c946faedd28ed,Pass,250907_151900,L0,train
Pass\250907_151900_A35W_7-2 [16384].bmp,250907_151900_A35W_7-2 [16384].bmp,0cc900dcc8b9bb60def2e47e8c2f3642,Pass,250907_151900,L0,train
Pass\250907_151900_A35W_8-2 [16384].bmp,250907_151900_A35W_8-2 [16384].bmp,16ed285fea79dd1361f4b45daee65c3b,Pass,250907_151900,L0,train
Pass\250907_151900_A35W_8-3 [16].bmp,250907_151900_A35W_8-3 [16].bmp,11c4b9eb268d50dc2bdf43b325aa6a0e,Pass,250907_151900,L0,train
Pass\250907_151900_A35W_9-1 [1024].bmp,250907_151900_A35W_9-1 [1024].bmp,d9a9f8f63c811ab00255f0a689a17888,Pass,250907_151900,L0,train
Pass\250907_151900_A35W_9-2 [16384].bmp,250907_151900_A35W_9-2 [16384].bmp,553a3823ba30b539da74662f389f6ca2,Pass,250907_151900,L0,train
Pass\250907_151900_A35W_9-3 [16].bmp,250907_151900_A35W_9-3 [16].bmp,0614d935a715737b2c82d0630b39d2ea,Pass,250907_151900,L0,train
Pass\250907_154203_A35W_1-2 [16384].bmp,250907_154203_A35W_1-2 [16384].bmp,5cec13ccedd6a50523498d6c96effdc0,Pass,250907_154203,L0,train
Pass\250907_154203_A35W_1-3 [16].bmp,250907_154203_A35W_1-3 [16].bmp,4ca162b9090a71b0af2a2de27687d1f6,Pass,250907_154203,L0,train
Pass\250907_154203_A35W_10-2 [16384].bmp,250907_154203_A35W_10-2 [16384].bmp,782a23c71587b1a0e13ccb96beedf2b2,Pass,250907_154203,L0,train
Pass\250907_154203_A35W_10-3 [16].bmp,250907_154203_A35W_10-3 [16].bmp,fa6e73bdd65c1a6d0773ef703bdb4986,Pass,250907_154203,L0,train
Pass\250907_154203_A35W_11-1 [1024].bmp,250907_154203_A35W_11-1 [1024].bmp,6da0c2e5306fe4eac9c1c0d6d0862a18,Pass,250907_154203,L0,train
Pass\250907_154203_A35W_11-3 [16].bmp,250907_154203_A35W_11-3 [16].bmp,67c65428aa4a70f084ef94b5b18a71e9,Pass,250907_154203,L0,train
Pass\250907_154203_A35W_12-1 [1024].bmp,250907_154203_A35W_12-1 [1024].bmp,99544b1f279f862bdd20a760c09ccec5,Pass,250907_154203,L0,train
Pass\250907_154203_A35W_12-2 [16384].bmp,250907_154203_A35W_12-2 [16384].bmp,95bdc867c85296fa8e02adb0aa7339bd,Pass,250907_154203,L0,train
Pass\250907_154203_A35W_12-3 [16].bmp,250907_154203_A35W_12-3 [16].bmp,f90acffe58a862b1216a430994f13059,Pass,250907_154203,L0,train
Pass\250907_154203_A35W_13-1 [1024].bmp,250907_154203_A35W_13-1 [1024].bmp,738d0e237723ef84f89149cc5fa2456f,Pass,250907_154203,L0,train
Pass\250907_154203_A35W_13-2 [16].bmp,250907_154203_A35W_13-2 [16].bmp,75705f6a24329e5e46ee01fde365bf8c,Pass,250907_154203,L0,train
Pass\250907_154203_A35W_14-3 [16].bmp,250907_154203_A35W_14-3 [16].bmp,db901c45520da0d34b7e37108d5c33cc,Pass,250907_154203,L0,train
Pass\250907_154203_A35W_15-1 [1024].bmp,250907_154203_A35W_15-1 [1024].bmp,848e9d0c1c1ec7a74d1c79dbbc2ccb77,Pass,250907_154203,L0,train
Pass\250907_154203_A35W_15-2 [16384].bmp,250907_154203_A35W_15-2 [16384].bmp,d1899d2597683a5f8909ba5f75b59a48,Pass,250907_154203,L0,train
Pass\250907_154203_A35W_16-1 [1024].bmp,250907_154203_A35W_16-1 [1024].bmp,7105434f2ad4e98b61b2be977dc77054,Pass,250907_154203,L0,train
Pass\250907_154203_A35W_16-3 [16].bmp,250907_154203_A35W_16-3 [16].bmp,e3e623053e0b98fed718a99afdd9e366,Pass,250907_154203,L0,train
Pass\250907_154203_A35W_17-2 [16384].bmp,250907_154203_A35W_17-2 [16384].bmp,6f783377add449c5362a393aa0b413f6,Pass,250907_154203,L0,train
Pass\250907_154203_A35W_18-1 [1024].bmp,250907_154203_A35W_18-1 [1024].bmp,7dfe4a89efde4c6113e8d7a77b2acdf2,Pass,250907_154203,L0,train
Pass\250907_154203_A35W_19-1 [1024].bmp,250907_154203_A35W_19-1 [1024].bmp,efd6dd434a8efe65deaa932796390048,Pass,250907_154203,L0,train
Pass\250907_154203_A35W_19-2 [16384].bmp,250907_154203_A35W_19-2 [16384].bmp,e78961c28e0d4d889214f50eec568c5e,Pass,250907_154203,L0,train
Pass\250907_154203_A35W_19-3 [16].bmp,250907_154203_A35W_19-3 [16].bmp,53aeed06e30913f8577ad6ba90ff71db,Pass,250907_154203,L0,train
Pass\250907_154203_A35W_2-1 [1024].bmp,250907_154203_A35W_2-1 [1024].bmp,3711fab58b8a0ac1b570678f3020e294,Pass,250907_154203,L0,train
Pass\250907_154203_A35W_2-2 [16384].bmp,250907_154203_A35W_2-2 [16384].bmp,5b968359f2109a95768c433bc6f49126,Pass,250907_154203,L0,train
Pass\250907_154203_A35W_2-3 [16].bmp,250907_154203_A35W_2-3 [16].bmp,bc4cf1c180c70b9efe24e50c1cea779e,Pass,250907_154203,L0,train
Pass\250907_154203_A35W_20-2 [16384].bmp,250907_154203_A35W_20-2 [16384].bmp,725c1a43d5a8ec5a017bb4956f1d49a3,Pass,250907_154203,L0,train
Pass\250907_154203_A35W_20-3 [16].bmp,250907_154203_A35W_20-3 [16].bmp,2fc7aa925dca33f0351ff4baa6cd0a18,Pass,250907_154203,L0,train
Pass\250907_154203_A35W_22-1 [1024].bmp,250907_154203_A35W_22-1 [1024].bmp,01894c3e02a72dc8142ccba3b958af8b,Pass,250907_154203,L0,train
Pass\250907_154203_A35W_22-3 [16].bmp,250907_154203_A35W_22-3 [16].bmp,7c9cab6ae6e319e348b27ae0982e63da,Pass,250907_154203,L0,train
Pass\250907_154203_A35W_23-1 [1024].bmp,250907_154203_A35W_23-1 [1024].bmp,c1e09e4650bd6343d3d05bbbc989e7dd,Pass,250907_154203,L0,train
Pass\250907_154203_A35W_23-3 [16].bmp,250907_154203_A35W_23-3 [16].bmp,bb4bae86dfd9d6b4f86b493ef9bf56d1,Pass,250907_154203,L0,train
Pass\250907_154203_A35W_24-1 [1024].bmp,250907_154203_A35W_24-1 [1024].bmp,fb309811ff19cb2d41800ea1d3634b16,Pass,250907_154203,L0,train
Pass\250907_154203_A35W_25-1 [1024].bmp,250907_154203_A35W_25-1 [1024].bmp,a427325ca156c2b209118e4a36d4e1bf,Pass,250907_154203,L0,train
Pass\250907_154203_A35W_25-2 [16384].bmp,250907_154203_A35W_25-2 [16384].bmp,ec9c05720e21d58d0f70f031207db90c,Pass,250907_154203,L0,train
Pass\250907_154203_A35W_25-3 [16].bmp,250907_154203_A35W_25-3 [16].bmp,d701336a6c0bed83869ef69fb3e4a822,Pass,250907_154203,L0,train
Pass\250907_154203_A35W_27-1 [1024].bmp,250907_154203_A35W_27-1 [1024].bmp,f3dda1e729df5e98024610c796cb1bbd,Pass,250907_154203,L0,train
Pass\250907_154203_A35W_27-2 [16384].bmp,250907_154203_A35W_27-2 [16384].bmp,5738091cce10a4730a369dca0a577fd0,Pass,250907_154203,L0,train
Pass\250907_154203_A35W_28-1 [1024].bmp,250907_154203_A35W_28-1 [1024].bmp,2980cb364b1eedeccfc7c7b31da63aa3,Pass,250907_154203,L0,train
Pass\250907_154203_A35W_29-1 [1024].bmp,250907_154203_A35W_29-1 [1024].bmp,077a8edbc110eb3e3497d2eeb0dd74f0,Pass,250907_154203,L0,train
Pass\250907_154203_A35W_29-2 [16384].bmp,250907_154203_A35W_29-2 [16384].bmp,ca247aba03647b184a9ce9e02e8b7d4c,Pass,250907_154203,L0,train
Pass\250907_154203_A35W_29-3 [262144].bmp,250907_154203_A35W_29-3 [262144].bmp,0de8e36b16d4772881e370d7a40a25c3,Pass,250907_154203,L0,train
Pass\250907_154203_A35W_3-1 [1024].bmp,250907_154203_A35W_3-1 [1024].bmp,98ff7f06ffda3286777fab25bab07a94,Pass,250907_154203,L0,train
Pass\250907_154203_A35W_3-3 [16].bmp,250907_154203_A35W_3-3 [16].bmp,dcd4a8c7853cef8450866996982be82a,Pass,250907_154203,L0,train
Pass\250907_154203_A35W_5-2 [16384].bmp,250907_154203_A35W_5-2 [16384].bmp,bfb4fa2f6f88c9f1045f90af2a87995c,Pass,250907_154203,L0,train
Pass\250907_154203_A35W_5-3 [16].bmp,250907_154203_A35W_5-3 [16].bmp,882482656764074586654c24c3cc893d,Pass,250907_154203,L0,train
Pass\250907_154203_A35W_6-2 [16384].bmp,250907_154203_A35W_6-2 [16384].bmp,e9bbf2792f318aee4940b504c7407a5b,Pass,250907_154203,L0,train
Pass\250907_154203_A35W_6-3 [16].bmp,250907_154203_A35W_6-3 [16].bmp,0b4822476ccc8a2686ae8bc649ae88cd,Pass,250907_154203,L0,train
Pass\250907_154203_A35W_7-2 [16].bmp,250907_154203_A35W_7-2 [16].bmp,72e9b1c4fcf4eb6939502eb84dc6b715,Pass,250907_154203,L0,train
Pass\250907_154203_A35W_7-3 [16].bmp,250907_154203_A35W_7-3 [16].bmp,3d50301d405d4a0a3b9dfcb770aa067b,Pass,250907_154203,L0,train
Pass\250907_154203_A35W_8-2 [16].bmp,250907_154203_A35W_8-2 [16].bmp,b8dda4e6a0bffb0437e4854f372d2aca,Pass,250907_154203,L0,train
Pass\250907_154203_A35W_8-3 [65536].bmp,250907_154203_A35W_8-3 [65536].bmp,2df08e2581d3a1642d87c7d35a3a19e0,Pass,250907_154203,L0,train
Pass\250907_154203_A35W_9-3 [16].bmp,250907_154203_A35W_9-3 [16].bmp,d2faeff40a5d7e9396b95db0dc3e6c56,Pass,250907_154203,L0,train
Pass\250930_170029_A35W_1-2 [16384].bmp,250930_170029_A35W_1-2 [16384].bmp,5dafc7e83949b4f27d6940ebbf772e30,Pass,250930_170029,L0,train
Pass\250930_170029_A35W_1-3 [16].bmp,250930_170029_A35W_1-3 [16].bmp,43279c7c2c4e2ddcc4af94c8832a3e1e,Pass,250930_170029,L0,train
Pass\250930_170029_A35W_10-1 [1024].bmp,250930_170029_A35W_10-1 [1024].bmp,3bd7db3e4ed80b1a9db9d66e899f3021,Pass,250930_170029,L0,train
Pass\250930_170029_A35W_10-3 [16].bmp,250930_170029_A35W_10-3 [16].bmp,1f41df50cee5348dd0d4fdd4daa5bbd2,Pass,250930_170029,L0,train
Pass\250930_170029_A35W_11-1 [1024].bmp,250930_170029_A35W_11-1 [1024].bmp,c36b86c9e2e85b3790a662717f96ca2a,Pass,250930_170029,L0,train
Pass\250930_170029_A35W_11-3 [16].bmp,250930_170029_A35W_11-3 [16].bmp,89ce9ef79a57ce75c2a8f5a15878e265,Pass,250930_170029,L0,train
Pass\250930_170029_A35W_14-1 [1024].bmp,250930_170029_A35W_14-1 [1024].bmp,d65fe1631bdd367e89d63b3da6b96344,Pass,250930_170029,L0,train
Pass\250930_170029_A35W_14-2 [16384].bmp,250930_170029_A35W_14-2 [16384].bmp,945a15f60deda5750d3c883750c82045,Pass,250930_170029,L0,train
Pass\250930_170029_A35W_15-1 [1024].bmp,250930_170029_A35W_15-1 [1024].bmp,63c7612c30f0978dd8874d8d2318fa74,Pass,250930_170029,L0,train
Pass\250930_170029_A35W_15-2 [16384].bmp,250930_170029_A35W_15-2 [16384].bmp,2572d991673a37006f42d3940557805b,Pass,250930_170029,L0,train
Pass\250930_170029_A35W_16-1 [1024].bmp,250930_170029_A35W_16-1 [1024].bmp,828609e7b69639afd4695b2a5d14d24b,Pass,250930_170029,L0,train
Pass\250930_170029_A35W_16-2 [16384].bmp,250930_170029_A35W_16-2 [16384].bmp,c7abbf5885e5a8728551646edf649031,Pass,250930_170029,L0,train
Pass\250930_170029_A35W_17-2 [16384].bmp,250930_170029_A35W_17-2 [16384].bmp,609271944d3bca8ff0339ddaf3e0540f,Pass,250930_170029,L0,train
Pass\250930_170029_A35W_18-1 [1024].bmp,250930_170029_A35W_18-1 [1024].bmp,8c10485e792cb2d05876c79d1d95e8b4,Pass,250930_170029,L0,train
Pass\250930_170029_A35W_18-2 [16384].bmp,250930_170029_A35W_18-2 [16384].bmp,88f2d1e56fd61260ebe55a69e16bce0f,Pass,250930_170029,L0,train
Pass\250930_170029_A35W_2-2 [16384].bmp,250930_170029_A35W_2-2 [16384].bmp,db9f918fed14b77b5ae177ad4a15d589,Pass,250930_170029,L0,train
Pass\250930_170029_A35W_3-2 [16].bmp,250930_170029_A35W_3-2 [16].bmp,cded018e66a6a39b338069bb6cfc44bb,Pass,250930_170029,L0,train
Pass\250930_170029_A35W_3-3 [16].bmp,250930_170029_A35W_3-3 [16].bmp,dd7b8e202a534f925361b02f1f6d0344,Pass,250930_170029,L0,train
Pass\250930_170029_A35W_4-2 [16384].bmp,250930_170029_A35W_4-2 [16384].bmp,fc52f936520b6e31be972623369c7d9f,Pass,250930_170029,L0,train
Pass\250930_170029_A35W_4-3 [16].bmp,250930_170029_A35W_4-3 [16].bmp,36f2eb68abf5ab711a0ff59aa9ad3311,Pass,250930_170029,L0,train
Pass\250930_170029_A35W_5-2 [16384].bmp,250930_170029_A35W_5-2 [16384].bmp,b67ca7f6de3cebacb4e8d0ae1a611dd4,Pass,250930_170029,L0,train
Pass\250930_170029_A35W_5-3 [16].bmp,250930_170029_A35W_5-3 [16].bmp,f105410f04f3bc3a008617a035ebe3fa,Pass,250930_170029,L0,train
Pass\250930_170029_A35W_7-3 [16].bmp,250930_170029_A35W_7-3 [16].bmp,c255b97fb53dccff9e02ae9c014f1345,Pass,250930_170029,L0,train
Pass\250930_170029_A35W_8-1 [1024].bmp,250930_170029_A35W_8-1 [1024].bmp,91070b6342b47f9c1f8fe4012df22e9b,Pass,250930_170029,L0,train
Pass\250930_170029_A35W_8-3 [16].bmp,250930_170029_A35W_8-3 [16].bmp,c12b47fec9a848cb89588cdb5edb1817,Pass,250930_170029,L0,train
Pass\250930_170029_A35W_9-1 [1024].bmp,250930_170029_A35W_9-1 [1024].bmp,2b4eefa1f15b34c2258a4a5c2d79aa9f,Pass,250930_170029,L0,train
Pass\251003_130559_A35W_1-3 [16].bmp,251003_130559_A35W_1-3 [16].bmp,2912cfe7ea8ed418595efaef5f56afe5,Pass,251003_130559,L0,train
Pass\251003_130559_A35W_10-3 [16].bmp,251003_130559_A35W_10-3 [16].bmp,41b1600bcc8732005b87fd7c6ce83aa2,Pass,251003_130559,L0,train
Pass\251003_130559_A35W_14-2 [16384].bmp,251003_130559_A35W_14-2 [16384].bmp,63d5c67d6bc584e5259ecdf4ca9cf3ab,Pass,251003_130559,L0,train
Pass\251003_130559_A35W_16-1 [1024].bmp,251003_130559_A35W_16-1 [1024].bmp,aab40eea9f468bc023c3e52abbe6839c,Pass,251003_130559,L0,train
Pass\251003_130559_A35W_17-2 [16384].bmp,251003_130559_A35W_17-2 [16384].bmp,0622ca48d3409521ac563fb1f04d068e,Pass,251003_130559,L0,train
Pass\251003_130559_A35W_18-1 [1024].bmp,251003_130559_A35W_18-1 [1024].bmp,f8b2694f0a3820add5b3e5a738ccd54e,Pass,251003_130559,L0,train
Pass\251003_130559_A35W_2-2 [16384].bmp,251003_130559_A35W_2-2 [16384].bmp,2d87d7ee8710e3cef3b2ce75801c31cd,Pass,251003_130559,L0,train
Pass\251003_130559_A35W_2-3 [16].bmp,251003_130559_A35W_2-3 [16].bmp,565f3e243883151ae652e1f6428b8f28,Pass,251003_130559,L0,train
Pass\251003_130559_A35W_3-3 [16].bmp,251003_130559_A35W_3-3 [16].bmp,df2b335612ff46af6b1255ba3c448b9a,Pass,251003_130559,L0,train
Pass\251003_130559_A35W_4-2 [16384].bmp,251003_130559_A35W_4-2 [16384].bmp,1050a8340abe2a74f911ce8c43d50f7c,Pass,251003_130559,L0,train
Pass\251003_130559_A35W_4-3 [16].bmp,251003_130559_A35W_4-3 [16].bmp,f7881c10819d6ea3aae300e9f0338cea,Pass,251003_130559,L0,train
Pass\251003_130559_A35W_5-3 [16].bmp,251003_130559_A35W_5-3 [16].bmp,59ccef41625250e3d48b10a7eae7bf71,Pass,251003_130559,L0,train
Pass\251003_130559_A35W_8-1 [1024].bmp,251003_130559_A35W_8-1 [1024].bmp,f82a99ed475e59ec98496d5c73dfb725,Pass,251003_130559,L0,train
Pass\251003_130559_A35W_9-1 [1024].bmp,251003_130559_A35W_9-1 [1024].bmp,6b0ae7795d5e5804c9dadadbb35c94f8,Pass,251003_130559,L0,train
Pass\251003_130559_A35W_9-3 [16].bmp,251003_130559_A35W_9-3 [16].bmp,71acd5d8559df600cc0123f908f8d990,Pass,251003_130559,L0,train
Pass\251003_150040_A35W_1-2 [16384].bmp,251003_150040_A35W_1-2 [16384].bmp,e559b90791684c5e67e27508fb616a64,Pass,251003_150040,L0,train
Pass\251003_150040_A35W_10-1 [1024].bmp,251003_150040_A35W_10-1 [1024].bmp,024f340336ab00a2f28410209285cbdf,Pass,251003_150040,L0,train
Pass\251003_150040_A35W_10-2 [16].bmp,251003_150040_A35W_10-2 [16].bmp,e6ec16d769efaa1c2a36e987f663bdbf,Pass,251003_150040,L0,train
Pass\251003_150040_A35W_10-3 [16].bmp,251003_150040_A35W_10-3 [16].bmp,91f6a91d13c128ef15483e7ff4343c58,Pass,251003_150040,L0,train
Pass\251003_150040_A35W_11-1 [1024].bmp,251003_150040_A35W_11-1 [1024].bmp,c49997d62ce55fe1e28484b7d2426320,Pass,251003_150040,L0,train
Pass\251003_150040_A35W_11-2 [16384].bmp,251003_150040_A35W_11-2 [16384].bmp,dcc685f5889581e03c2311da98a38d39,Pass,251003_150040,L0,train
Pass\251003_150040_A35W_11-3 [16].bmp,251003_150040_A35W_11-3 [16].bmp,dc517eae13f3ebbaff592dfcf4a7e4d8,Pass,251003_150040,L0,train
Pass\251003_150040_A35W_12-1 [1024].bmp,251003_150040_A35W_12-1 [1024].bmp,37a0370d3028479fd6e53645d1210638,Pass,251003_150040,L0,train
Pass\251003_150040_A35W_12-2 [16384].bmp,251003_150040_A35W_12-2 [16384].bmp,ade03adeccd1e135c69b3c09bc25961f,Pass,251003_150040,L0,train
Pass\251003_150040_A35W_12-3 [16].bmp,251003_150040_A35W_12-3 [16].bmp,898e1702c83c7eff528defca619b9da0,Pass,251003_150040,L0,train
Pass\251003_150040_A35W_13-1 [1024].bmp,251003_150040_A35W_13-1 [1024].bmp,69cea1be3347cecf92b1e59debf77fc8,Pass,251003_150040,L0,train
Pass\251003_150040_A35W_13-2 [16384].bmp,251003_150040_A35W_13-2 [16384].bmp,5e920c60b6aacce22495221f99095dc0,Pass,251003_150040,L0,train
Pass\251003_150040_A35W_14-2 [16384].bmp,251003_150040_A35W_14-2 [16384].bmp,d384bc11e2e0ff1259bf460da754a355,Pass,251003_150040,L0,train
Pass\251003_150040_A35W_14-3 [16].bmp,251003_150040_A35W_14-3 [16].bmp,9eca1f3c119606c3c43fd1f20562763b,Pass,251003_150040,L0,train
Pass\251003_150040_A35W_15-1 [1024].bmp,251003_150040_A35W_15-1 [1024].bmp,4c5fdca09a32816f93584432f4dc3d32,Pass,251003_150040,L0,train
Pass\251003_150040_A35W_15-3 [16].bmp,251003_150040_A35W_15-3 [16].bmp,9e067dbb5e5908299d7ec5b21af57df1,Pass,251003_150040,L0,train
Pass\251003_150040_A35W_16-2 [16384].bmp,251003_150040_A35W_16-2 [16384].bmp,d1a4b2595d8ba74e839147fbef5d2619,Pass,251003_150040,L0,train
Pass\251003_150040_A35W_16-3 [16].bmp,251003_150040_A35W_16-3 [16].bmp,5807d783a8d3b04bbb80d8382d95635f,Pass,251003_150040,L0,train
Pass\251003_150040_A35W_17-1 [1024].bmp,251003_150040_A35W_17-1 [1024].bmp,ac9b5ab6d82c78a52baac4c5f4934569,Pass,251003_150040,L0,train
Pass\251003_150040_A35W_17-2 [16384].bmp,251003_150040_A35W_17-2 [16384].bmp,69afb40634cb6a6514c6ea66dbf1fb9b,Pass,251003_150040,L0,train
Pass\251003_150040_A35W_17-3 [16].bmp,251003_150040_A35W_17-3 [16].bmp,832d3cc5d508b8eed7c0b402edef2511,Pass,251003_150040,L0,train
Pass\251003_150040_A35W_18-1 [1024].bmp,251003_150040_A35W_18-1 [1024].bmp,be26f5b12d59ac672556dc952beb4fdd,Pass,251003_150040,L0,train
Pass\251003_150040_A35W_18-3 [16].bmp,251003_150040_A35W_18-3 [16].bmp,4a15dcaeaa279e565d6c5eecf7f85822,Pass,251003_150040,L0,train
Pass\251003_150040_A35W_19-1 [1024].bmp,251003_150040_A35W_19-1 [1024].bmp,0fd331a6b03150e7a0b4d62b4d68cfc0,Pass,251003_150040,L0,train
Pass\251003_150040_A35W_19-2 [16].bmp,251003_150040_A35W_19-2 [16].bmp,4f7bdef8aa10a1f67f132106c84b5016,Pass,251003_150040,L0,train
Pass\251003_150040_A35W_19-3 [262144].bmp,251003_150040_A35W_19-3 [262144].bmp,ec0e09fbf07267362c6b07f8a3d4ef57,Pass,251003_150040,L0,train
Pass\251003_150040_A35W_2-2 [16384].bmp,251003_150040_A35W_2-2 [16384].bmp,6b5c5b670d7285133d5cbe35f6316ded,Pass,251003_150040,L0,train
Pass\251003_150040_A35W_2-3 [16].bmp,251003_150040_A35W_2-3 [16].bmp,45809323a67db3991e051d06437a36f6,Pass,251003_150040,L0,train
Pass\251003_150040_A35W_20-1 [1024].bmp,251003_150040_A35W_20-1 [1024].bmp,4535d3bf2537d0cd69bef21e51f23a23,Pass,251003_150040,L0,train
Pass\251003_150040_A35W_20-3 [16].bmp,251003_150040_A35W_20-3 [16].bmp,05babcd9a59627e32ff815f68068f8b9,Pass,251003_150040,L0,train
Pass\251003_150040_A35W_21-1 [1024].bmp,251003_150040_A35W_21-1 [1024].bmp,4450701e156aef51d82ccbf7ca3358da,Pass,251003_150040,L0,train
Pass\251003_150040_A35W_21-2 [16384].bmp,251003_150040_A35W_21-2 [16384].bmp,a71cf396c10d103241e06f29b5e597a3,Pass,251003_150040,L0,train
Pass\251003_150040_A35W_21-3 [262144].bmp,251003_150040_A35W_21-3 [262144].bmp,04c1d255f56fed7b6731381537315b1c,Pass,251003_150040,L0,train
Pass\251003_150040_A35W_22-2 [16384].bmp,251003_150040_A35W_22-2 [16384].bmp,5dfad4af91dc07e5814e338996493162,Pass,251003_150040,L0,train
Pass\251003_150040_A35W_22-3 [16].bmp,251003_150040_A35W_22-3 [16].bmp,b49d1ad4a2c0b1cd47d5f2374b35a06a,Pass,251003_150040,L0,train
Pass\251003_150040_A35W_23-1 [1024].bmp,251003_150040_A35W_23-1 [1024].bmp,835310c81be3f101910dbe1e435d6df4,Pass,251003_150040,L0,train
Pass\251003_150040_A35W_23-2 [16].bmp,251003_150040_A35W_23-2 [16].bmp,f62aa91b012096f8ef27519f1c23b07f,Pass,251003_150040,L0,train
Pass\251003_150040_A35W_23-3 [16].bmp,251003_150040_A35W_23-3 [16].bmp,f21950f2538182eb1e4ac39f9dcffe4a,Pass,251003_150040,L0,train
Pass\251003_150040_A35W_24-2 [16].bmp,251003_150040_A35W_24-2 [16].bmp,5d0daa70ecb740785a5c6931ae84cc90,Pass,251003_150040,L0,train
Pass\251003_150040_A35W_24-3 [16].bmp,251003_150040_A35W_24-3 [16].bmp,13a5d3286ab03c7dada8ceba4f6abbd5,Pass,251003_150040,L0,train
Pass\251003_150040_A35W_25-2 [16384].bmp,251003_150040_A35W_25-2 [16384].bmp,89b9c41b7571407520421bbb1668affb,Pass,251003_150040,L0,train
Pass\251003_150040_A35W_25-3 [16].bmp,251003_150040_A35W_25-3 [16].bmp,7531f9d11a7bb3559c7483c278a2c11b,Pass,251003_150040,L0,train
Pass\251003_150040_A35W_26-1 [1024].bmp,251003_150040_A35W_26-1 [1024].bmp,90644cc96d277f32d4146d13b8c8e9d6,Pass,251003_150040,L0,train
Pass\251003_150040_A35W_26-2 [16384].bmp,251003_150040_A35W_26-2 [16384].bmp,d7d8d85ed17bc74cb2d0b21fd91ea7f1,Pass,251003_150040,L0,train
Pass\251003_150040_A35W_26-3 [262144].bmp,251003_150040_A35W_26-3 [262144].bmp,2d9c5777dd663a70724315a1402bede1,Pass,251003_150040,L0,train
Pass\251003_150040_A35W_27-2 [16384].bmp,251003_150040_A35W_27-2 [16384].bmp,4085d19e60fda6cf9d059b6ce13c3f04,Pass,251003_150040,L0,train
Pass\251003_150040_A35W_27-3 [262144].bmp,251003_150040_A35W_27-3 [262144].bmp,a7386ee6f12fcb274bc161d65a90938c,Pass,251003_150040,L0,train
Pass\251003_150040_A35W_28-2 [16384].bmp,251003_150040_A35W_28-2 [16384].bmp,9edbe9c7ea8297f6afa6a1282774a0f1,Pass,251003_150040,L0,train
Pass\251003_150040_A35W_28-3 [16].bmp,251003_150040_A35W_28-3 [16].bmp,132fecfb722a77c4020de85d85f54984,Pass,251003_150040,L0,train
Pass\251003_150040_A35W_29-1 [1024].bmp,251003_150040_A35W_29-1 [1024].bmp,46a66cfdf374e69f96e24b10c3e50152,Pass,251003_150040,L0,train
Pass\251003_150040_A35W_29-2 [16384].bmp,251003_150040_A35W_29-2 [16384].bmp,2347730d7bea02a4116d21c98fd53336,Pass,251003_150040,L0,train
Pass\251003_150040_A35W_3-1 [1024].bmp,251003_150040_A35W_3-1 [1024].bmp,27bde5744e63343d2a2fdf06d5bd40c7,Pass,251003_150040,L0,train
Pass\251003_150040_A35W_3-2 [16384].bmp,251003_150040_A35W_3-2 [16384].bmp,f6fda1e41c2a9938e606c4e95a2d4541,Pass,251003_150040,L0,train
Pass\251003_150040_A35W_30-2 [16384].bmp,251003_150040_A35W_30-2 [16384].bmp,90e0f560271aea37d65454c9ab54ebd4,Pass,251003_150040,L0,train
Pass\251003_150040_A35W_30-3 [262144].bmp,251003_150040_A35W_30-3 [262144].bmp,e92d863c983fde6d0df4ec08fbbfd3c3,Pass,251003_150040,L0,train
Pass\251003_150040_A35W_31-2 [16384].bmp,251003_150040_A35W_31-2 [16384].bmp,0a5a85973680c57880ee332d09f6998b,Pass,251003_150040,L0,train
Pass\251003_150040_A35W_31-3 [16].bmp,251003_150040_A35W_31-3 [16].bmp,a7a431d2ac8a12c4c5ba98f40a174a16,Pass,251003_150040,L0,train
Pass\251003_150040_A35W_32-1 [1024].bmp,251003_150040_A35W_32-1 [1024].bmp,969949fc8c3273c94996f4ab29e38303,Pass,251003_150040,L0,train
Pass\251003_150040_A35W_32-2 [16384].bmp,251003_150040_A35W_32-2 [16384].bmp,68531a178e327d49a015aba7a00500bb,Pass,251003_150040,L0,train
Pass\251003_150040_A35W_33-1 [1024].bmp,251003_150040_A35W_33-1 [1024].bmp,ecef5b0927e8c404b20a40e80cd5ce7b,Pass,251003_150040,L0,train
Pass\251003_150040_A35W_33-2 [16384].bmp,251003_150040_A35W_33-2 [16384].bmp,dc49aff6910933892232e44d3c5258e4,Pass,251003_150040,L0,train
Pass\251003_150040_A35W_33-3 [262144].bmp,251003_150040_A35W_33-3 [262144].bmp,44bd37169064cfadd00d9f1e2d014a54,Pass,251003_150040,L0,train
Pass\251003_150040_A35W_34-1 [1024].bmp,251003_150040_A35W_34-1 [1024].bmp,df02503e60a536e5ba697f5f705c0b1a,Pass,251003_150040,L0,train
Pass\251003_150040_A35W_34-2 [16384].bmp,251003_150040_A35W_34-2 [16384].bmp,c978ab94ef1a6a337d30c3a59f3d0eeb,Pass,251003_150040,L0,train
Pass\251003_150040_A35W_34-3 [262144].bmp,251003_150040_A35W_34-3 [262144].bmp,b9289f7df735867ebbc5a46fb7ddeca3,Pass,251003_150040,L0,train
Pass\251003_150040_A35W_35-2 [16384].bmp,251003_150040_A35W_35-2 [16384].bmp,9bd58ff94e028b948824f532da2631eb,Pass,251003_150040,L0,train
Pass\251003_150040_A35W_36-2 [16384].bmp,251003_150040_A35W_36-2 [16384].bmp,18dbf31746e9d87e45f5c1d16f13dc2d,Pass,251003_150040,L0,train
Pass\251003_150040_A35W_37-2 [16384].bmp,251003_150040_A35W_37-2 [16384].bmp,d4bd1030fbc90a91c94ebe80fb85be95,Pass,251003_150040,L0,train
Pass\251003_150040_A35W_37-3 [262144].bmp,251003_150040_A35W_37-3 [262144].bmp,178c473d826496c2030e7cee9721dfa7,Pass,251003_150040,L0,train
Pass\251003_150040_A35W_38-2 [16384].bmp,251003_150040_A35W_38-2 [16384].bmp,f07ae2f2a1db3d0e05b3f907c86b796e,Pass,251003_150040,L0,train
Pass\251003_150040_A35W_39-1 [1024].bmp,251003_150040_A35W_39-1 [1024].bmp,e3d548a4cb3cce6296e6a4b5b5711514,Pass,251003_150040,L0,train
Pass\251003_150040_A35W_39-2 [16384].bmp,251003_150040_A35W_39-2 [16384].bmp,895b0d1182efa071a06ee014fe79ef64,Pass,251003_150040,L0,train
Pass\251003_150040_A35W_4-2 [16].bmp,251003_150040_A35W_4-2 [16].bmp,91792446df4f4849705d11d8d62fcc4c,Pass,251003_150040,L0,train
Pass\251003_150040_A35W_4-3 [16].bmp,251003_150040_A35W_4-3 [16].bmp,d1eab3f9ef58789e6bfec49c08b5adbe,Pass,251003_150040,L0,train
Pass\251003_150040_A35W_5-1 [1024].bmp,251003_150040_A35W_5-1 [1024].bmp,61837e6f533d0f181c36002ea5bceff1,Pass,251003_150040,L0,train
Pass\251003_150040_A35W_5-2 [16].bmp,251003_150040_A35W_5-2 [16].bmp,829324df570bf9ec1e1b8f8483f1ce8e,Pass,251003_150040,L0,train
Pass\251003_150040_A35W_5-3 [16].bmp,251003_150040_A35W_5-3 [16].bmp,c90aabef1e846db54e9563537bd54d3c,Pass,251003_150040,L0,train
Pass\251003_150040_A35W_6-1 [1024].bmp,251003_150040_A35W_6-1 [1024].bmp,383b5abbb9c5ce8e355d42df94964cd7,Pass,251003_150040,L0,train
Pass\251003_150040_A35W_6-2 [16384].bmp,251003_150040_A35W_6-2 [16384].bmp,abe8c285223297e8d4052d4e52afcb8d,Pass,251003_150040,L0,train
Pass\251003_150040_A35W_6-3 [16].bmp,251003_150040_A35W_6-3 [16].bmp,1f49b56dea0a1651727acbbb5b2f420f,Pass,251003_150040,L0,train
Pass\251003_150040_A35W_7-2 [16].bmp,251003_150040_A35W_7-2 [16].bmp,6a3347b1dc60601f754cb8575adace23,Pass,251003_150040,L0,train
Pass\251003_150040_A35W_7-3 [16].bmp,251003_150040_A35W_7-3 [16].bmp,00c5a031612cac543856fc9c29cd20be,Pass,251003_150040,L0,train
Pass\251003_150040_A35W_8-1 [1024].bmp,251003_150040_A35W_8-1 [1024].bmp,91f58bb63efa1f5cb1e2294bb7318457,Pass,251003_150040,L0,train
Pass\251003_150040_A35W_8-3 [16].bmp,251003_150040_A35W_8-3 [16].bmp,55d6e576ef1a9504dd76625f6f148a3f,Pass,251003_150040,L0,train
Pass\251003_150040_A35W_9-2 [16384].bmp,251003_150040_A35W_9-2 [16384].bmp,253bc79fe6188e1493808db18f8ea036,Pass,251003_150040,L0,train
Pass\251003_150040_A35W_9-3 [16].bmp,251003_150040_A35W_9-3 [16].bmp,34c7450e6f373b65e346f2ed293b6bd7,Pass,251003_150040,L0,train
Pass\251014_150205_A35W_1-1 [1024].bmp,251014_150205_A35W_1-1 [1024].bmp,d29e339723c8f8c7c4d214283bf9e985,Pass,251014_150205,L0,train
Pass\251014_150205_A35W_1-2 [16].bmp,251014_150205_A35W_1-2 [16].bmp,31cf45494eea5ed3565866b196e8bd7c,Pass,251014_150205,L0,train
Pass\251014_150205_A35W_1-3 [262144].bmp,251014_150205_A35W_1-3 [262144].bmp,83a8387eb1ac888e0e8bbe211c86f1b6,Pass,251014_150205,L0,train
Pass\251014_150205_A35W_10-1 [1024].bmp,251014_150205_A35W_10-1 [1024].bmp,d9a65738b5ac84e1353e790ca70ba395,Pass,251014_150205,L0,train
Pass\251014_150205_A35W_10-2 [16].bmp,251014_150205_A35W_10-2 [16].bmp,ea5dc1fb73c609862dd867f77b14afc6,Pass,251014_150205,L0,train
Pass\251014_150205_A35W_10-3 [262144].bmp,251014_150205_A35W_10-3 [262144].bmp,c1b99104bcbda3fe006891919277536c,Pass,251014_150205,L0,train
Pass\251014_150205_A35W_11-1 [16].bmp,251014_150205_A35W_11-1 [16].bmp,09255bce4ff91c59c350d92d4973f67a,Pass,251014_150205,L0,train
Pass\251014_150205_A35W_11-2 [16].bmp,251014_150205_A35W_11-2 [16].bmp,be2f61d6c40376852e361fe4e477beea,Pass,251014_150205,L0,train
Pass\251014_150205_A35W_11-3 [262144].bmp,251014_150205_A35W_11-3 [262144].bmp,05f9bf8fa2c947e22f239c2603d376b9,Pass,251014_150205,L0,train
Pass\251014_150205_A35W_12-1 [1024].bmp,251014_150205_A35W_12-1 [1024].bmp,ebf1d1c11c16e153298812788634b2d4,Pass,251014_150205,L0,train
Pass\251014_150205_A35W_12-2 [16].bmp,251014_150205_A35W_12-2 [16].bmp,762b32efa4fc6cf1d0317b94a046af23,Pass,251014_150205,L0,train
Pass\251014_150205_A35W_12-3 [262144].bmp,251014_150205_A35W_12-3 [262144].bmp,63664782d472c0d8cf9acabf31802b04,Pass,251014_150205,L0,train
Pass\251014_150205_A35W_13-1 [16].bmp,251014_150205_A35W_13-1 [16].bmp,49d37c48dfd7291baf8819842a34920f,Pass,251014_150205,L0,train
Pass\251014_150205_A35W_13-2 [16384].bmp,251014_150205_A35W_13-2 [16384].bmp,6718e0cbb7b3553627debbb649a9a413,Pass,251014_150205,L0,train
Pass\251014_150205_A35W_13-3 [262144].bmp,251014_150205_A35W_13-3 [262144].bmp,1a4cfa11bc728799bf79c7e898b99d58,Pass,251014_150205,L0,train
Pass\251014_150205_A35W_14-2 [16].bmp,251014_150205_A35W_14-2 [16].bmp,ff4eaba29273b1167f18f062fc44bb86,Pass,251014_150205,L0,train
Pass\251014_150205_A35W_14-3 [262144].bmp,251014_150205_A35W_14-3 [262144].bmp,9b02cdce9795a519af53c4a8cf6b36c7,Pass,251014_150205,L0,train
Pass\251014_150205_A35W_15-2 [16].bmp,251014_150205_A35W_15-2 [16].bmp,af27b29984dd3182eb0bff5257f561f8,Pass,251014_150205,L0,train
Pass\251014_150205_A35W_15-3 [262144].bmp,251014_150205_A35W_15-3 [262144].bmp,b7296df3c8ccf801843278118193ec29,Pass,251014_150205,L0,train
Pass\251014_150205_A35W_16-1 [16].bmp,251014_150205_A35W_16-1 [16].bmp,72c57c3fa3d6460406551518b9279317,Pass,251014_150205,L0,train
Pass\251014_150205_A35W_16-2 [16].bmp,251014_150205_A35W_16-2 [16].bmp,e677bdca46b7c25ee6510c4b22d1b9c5,Pass,251014_150205,L0,train
Pass\251014_150205_A35W_16-3 [262144].bmp,251014_150205_A35W_16-3 [262144].bmp,9bffae19f0308cfc3f29063e8b0473ab,Pass,251014_150205,L0,train
Pass\251014_150205_A35W_17-3 [262144].bmp,251014_150205_A35W_17-3 [262144].bmp,51021e5d2fdd1e22cb5da862bc9cd30f,Pass,251014_150205,L0,train
Pass\251014_150205_A35W_18-1 [1024].bmp,251014_150205_A35W_18-1 [1024].bmp,df5a25ce970d3d358338c7e9dafa76aa,Pass,251014_150205,L0,train
Pass\251014_150205_A35W_18-2 [16].bmp,251014_150205_A35W_18-2 [16].bmp,1b1486adff1618d55fc99c64b99bdf7b,Pass,251014_150205,L0,train
Pass\251014_150205_A35W_18-3 [262144].bmp,251014_150205_A35W_18-3 [262144].bmp,62e388e027c414fe57049e348f34f82b,Pass,251014_150205,L0,train
Pass\251014_150205_A35W_19-1 [1024].bmp,251014_150205_A35W_19-1 [1024].bmp,d2fd57cc348f4a2616adab45a82f3c2f,Pass,251014_150205,L0,train
Pass\251014_150205_A35W_19-2 [16384].bmp,251014_150205_A35W_19-2 [16384].bmp,063acdffde46d1429f5963e534ceb0a0,Pass,251014_150205,L0,train
Pass\251014_150205_A35W_19-3 [262144].bmp,251014_150205_A35W_19-3 [262144].bmp,c36f5bb9506c4d3dafaa9dabd97a4d0e,Pass,251014_150205,L0,train
Pass\251014_150205_A35W_2-1 [16].bmp,251014_150205_A35W_2-1 [16].bmp,954a5662d01af50a590c8bc609f4d2a0,Pass,251014_150205,L0,train
Pass\251014_150205_A35W_2-2 [16].bmp,251014_150205_A35W_2-2 [16].bmp,59d09dbb9350b48ea539f0824b83482a,Pass,251014_150205,L0,train
Pass\251014_150205_A35W_2-3 [262144].bmp,251014_150205_A35W_2-3 [262144].bmp,0c3094eaeef43413f85f91d0a0580b17,Pass,251014_150205,L0,train
Pass\251014_150205_A35W_20-1 [1024].bmp,251014_150205_A35W_20-1 [1024].bmp,61e89b4d5f1c242ddd9bef0e28b3e2db,Pass,251014_150205,L0,train
Pass\251014_150205_A35W_20-3 [262144].bmp,251014_150205_A35W_20-3 [262144].bmp,a10c73881a3911f6809be5375b5e4882,Pass,251014_150205,L0,train
Pass\251014_150205_A35W_21-1 [1024].bmp,251014_150205_A35W_21-1 [1024].bmp,d0f7e49e5ea8689907d8f66603d11379,Pass,251014_150205,L0,train
Pass\251014_150205_A35W_21-2 [16].bmp,251014_150205_A35W_21-2 [16].bmp,6b4ddd2afa57632762b11741437660eb,Pass,251014_150205,L0,train
Pass\251014_150205_A35W_21-3 [262144].bmp,251014_150205_A35W_21-3 [262144].bmp,813359a8a70fc4793c84b65ed0aabdaa,Pass,251014_150205,L0,train
Pass\251014_150205_A35W_22-1 [16].bmp,251014_150205_A35W_22-1 [16].bmp,ff11a666e1f2db19cd1a01b25fde9c15,Pass,251014_150205,L0,train
Pass\251014_150205_A35W_22-2 [16384].bmp,251014_150205_A35W_22-2 [16384].bmp,779ac90dd45bbeb02df5027173047418,Pass,251014_150205,L0,train
Pass\251014_150205_A35W_22-3 [262144].bmp,251014_150205_A35W_22-3 [262144].bmp,5e28240091d701e0e86127c175c4b1f5,Pass,251014_150205,L0,train
Pass\251014_150205_A35W_23-1 [1024].bmp,251014_150205_A35W_23-1 [1024].bmp,d3849e558b01cff292d7565ffd65fa20,Pass,251014_150205,L0,train
Pass\251014_150205_A35W_23-2 [16].bmp,251014_150205_A35W_23-2 [16].bmp,0ebd2e4cb64306c8a2591e30032aa514,Pass,251014_150205,L0,train
Pass\251014_150205_A35W_23-3 [262144].bmp,251014_150205_A35W_23-3 [262144].bmp,81ac3b21108b271a8f1c33cafa252e79,Pass,251014_150205,L0,train
Pass\251014_150205_A35W_24-1 [16].bmp,251014_150205_A35W_24-1 [16].bmp,6eb031dbd6428d913150b16c64f6ee01,Pass,251014_150205,L0,train
Pass\251014_150205_A35W_24-2 [16].bmp,251014_150205_A35W_24-2 [16].bmp,fb1aba44af396a062999a0b7c39f4d0c,Pass,251014_150205,L0,train
Pass\251014_150205_A35W_24-3 [262144].bmp,251014_150205_A35W_24-3 [262144].bmp,baa6a4626fa0e8484dcedbae412dfc55,Pass,251014_150205,L0,train
Pass\251014_150205_A35W_25-2 [16].bmp,251014_150205_A35W_25-2 [16].bmp,f47679fd40360d059ec4832420d2b8d8,Pass,251014_150205,L0,train
Pass\251014_150205_A35W_25-3 [262144].bmp,251014_150205_A35W_25-3 [262144].bmp,d5e33bfd3063302fafa9d85f1542a546,Pass,251014_150205,L0,train
Pass\251014_150205_A35W_26-1 [1024].bmp,251014_150205_A35W_26-1 [1024].bmp,e18ca7afe7609d2925b1f25ac34403a3,Pass,251014_150205,L0,train
Pass\251014_150205_A35W_26-3 [262144].bmp,251014_150205_A35W_26-3 [262144].bmp,d2c8adf73e30a827a0e8cb6eee6a2e2f,Pass,251014_150205,L0,train
Pass\251014_150205_A35W_27-3 [262144].bmp,251014_150205_A35W_27-3 [262144].bmp,f1b12793503385afd82521d50305fa42,Pass,251014_150205,L0,train
Pass\251014_150205_A35W_28-1 [1024].bmp,251014_150205_A35W_28-1 [1024].bmp,08c52d80f4dfe45dc55b2e56f9f3e218,Pass,251014_150205,L0,train
Pass\251014_150205_A35W_28-3 [262144].bmp,251014_150205_A35W_28-3 [262144].bmp,ea9999f7955014303a3341182f2d381f,Pass,251014_150205,L0,train
Pass\251014_150205_A35W_29-1 [1024].bmp,251014_150205_A35W_29-1 [1024].bmp,6bfa065dcee9ef7fc36d79bc707fc405,Pass,251014_150205,L0,train
Pass\251014_150205_A35W_29-2 [16].bmp,251014_150205_A35W_29-2 [16].bmp,fd1224b1519d3ded0323a339eaa5e51e,Pass,251014_150205,L0,train
Pass\251014_150205_A35W_29-3 [262144].bmp,251014_150205_A35W_29-3 [262144].bmp,6ad390f0c19c4ebda1fa1662062d551f,Pass,251014_150205,L0,train
Pass\251014_150205_A35W_3-1 [1024].bmp,251014_150205_A35W_3-1 [1024].bmp,d4b2549bbe126dc2fb3c4251f0754c1a,Pass,251014_150205,L0,train
Pass\251014_150205_A35W_3-2 [16].bmp,251014_150205_A35W_3-2 [16].bmp,d53c046dff9260921d15a255d0686853,Pass,251014_150205,L0,train
Pass\251014_150205_A35W_3-3 [262144].bmp,251014_150205_A35W_3-3 [262144].bmp,a6c3ffa50354b828800d5b44349699af,Pass,251014_150205,L0,train
Pass\251014_150205_A35W_30-1 [16].bmp,251014_150205_A35W_30-1 [16].bmp,b07e8bc68bda1c0135323c1df94ba505,Pass,251014_150205,L0,train
Pass\251014_150205_A35W_30-2 [16].bmp,251014_150205_A35W_30-2 [16].bmp,fcc41aa6525b8b9a21b019718bd61eaa,Pass,251014_150205,L0,train
Pass\251014_150205_A35W_31-1 [1024].bmp,251014_150205_A35W_31-1 [1024].bmp,5487058c85eed0f1ff9222eb6d5b478e,Pass,251014_150205,L0,train
Pass\251014_150205_A35W_31-2 [16384].bmp,251014_150205_A35W_31-2 [16384].bmp,bd783066acfb71c6307563f0bc87ccb5,Pass,251014_150205,L0,train
Pass\251014_150205_A35W_31-3 [262144].bmp,251014_150205_A35W_31-3 [262144].bmp,e4fc1bce5aa38354a4b016114a74db61,Pass,251014_150205,L0,train
Pass\251014_150205_A35W_32-1 [1024].bmp,251014_150205_A35W_32-1 [1024].bmp,9c6ed7f2b540be3e12fb5dc82e6583ff,Pass,251014_150205,L0,train
Pass\251014_150205_A35W_32-2 [16].bmp,251014_150205_A35W_32-2 [16].bmp,e458338e94f291c00cc9c50ff369c945,Pass,251014_150205,L0,train
Pass\251014_150205_A35W_32-3 [262144].bmp,251014_150205_A35W_32-3 [262144].bmp,5404b67ca4c1f3f9d6f88cecbaa985d6,Pass,251014_150205,L0,train
Pass\251014_150205_A35W_33-1 [16].bmp,251014_150205_A35W_33-1 [16].bmp,6c425c2f1118197463cda0df627d360d,Pass,251014_150205,L0,train
Pass\251014_150205_A35W_33-2 [16].bmp,251014_150205_A35W_33-2 [16].bmp,1c2014c72662d8e762ef881082f16989,Pass,251014_150205,L0,train
Pass\251014_150205_A35W_33-3 [262144].bmp,251014_150205_A35W_33-3 [262144].bmp,fcd0e97030ad207a13d4fbaa3668f7df,Pass,251014_150205,L0,train
Pass\251014_150205_A35W_34-1 [1024].bmp,251014_150205_A35W_34-1 [1024].bmp,e55fe8c48cf61b50d1707a90dee7d1a4,Pass,251014_150205,L0,train
Pass\251014_150205_A35W_34-2 [16].bmp,251014_150205_A35W_34-2 [16].bmp,e36b6460d7d43ce083c9212871c9af5c,Pass,251014_150205,L0,train
Pass\251014_150205_A35W_34-3 [262144].bmp,251014_150205_A35W_34-3 [262144].bmp,9be23bebeb9135e0801c3afa17a3eb1a,Pass,251014_150205,L0,train
Pass\251014_150205_A35W_35-2 [16].bmp,251014_150205_A35W_35-2 [16].bmp,22870eb3713de630bb9dabb1c1776222,Pass,251014_150205,L0,train
Pass\251014_150205_A35W_36-2 [16384].bmp,251014_150205_A35W_36-2 [16384].bmp,c8f85bead07e2f683c1ff081544cbe3a,Pass,251014_150205,L0,train
Pass\251014_150205_A35W_36-3 [262144].bmp,251014_150205_A35W_36-3 [262144].bmp,7b76c4c1a52c84cac8a3a310b8286926,Pass,251014_150205,L0,train
Pass\251014_150205_A35W_37-2 [16].bmp,251014_150205_A35W_37-2 [16].bmp,496d2b871877a7d3d7bbb89968638ba0,Pass,251014_150205,L0,train
Pass\251014_150205_A35W_38-2 [16].bmp,251014_150205_A35W_38-2 [16].bmp,d7f137fba33963bb425d93f8a62b3aca,Pass,251014_150205,L0,train
Pass\251014_150205_A35W_38-3 [262144].bmp,251014_150205_A35W_38-3 [262144].bmp,fa298e066254944f4781c68055e18aad,Pass,251014_150205,L0,train
Pass\251014_150205_A35W_39-2 [16384].bmp,251014_150205_A35W_39-2 [16384].bmp,0fde3afde1dba71ac98ba665f16f9f3d,Pass,251014_150205,L0,train
Pass\251014_150205_A35W_39-3 [1].bmp,251014_150205_A35W_39-3 [1].bmp,10187ed957cedcaac33298be64efdc87,Pass,251014_150205,L0,train
Pass\251014_150205_A35W_4-1 [16].bmp,251014_150205_A35W_4-1 [16].bmp,97b978c28fc98250e1ce57c5cdf59dc1,Pass,251014_150205,L0,train
Pass\251014_150205_A35W_4-2 [16].bmp,251014_150205_A35W_4-2 [16].bmp,4810df163a454eaae9438d84e1a0fabe,Pass,251014_150205,L0,train
Pass\251014_150205_A35W_4-3 [262144].bmp,251014_150205_A35W_4-3 [262144].bmp,0254f7a91d46cff4ee54c639d3fd1f3b,Pass,251014_150205,L0,train
Pass\251014_150205_A35W_5-1 [16].bmp,251014_150205_A35W_5-1 [16].bmp,7be6bf9986c3861e0f5a9d60052449cf,Pass,251014_150205,L0,train
Pass\251014_150205_A35W_5-2 [16].bmp,251014_150205_A35W_5-2 [16].bmp,2de9e673466e4c97e308002338da54d8,Pass,251014_150205,L0,train
Pass\251014_150205_A35W_5-3 [262144].bmp,251014_150205_A35W_5-3 [262144].bmp,eaf1a57e209235e1ee2e48f4a79f3651,Pass,251014_150205,L0,train
Pass\251014_150205_A35W_6-1 [1024].bmp,251014_150205_A35W_6-1 [1024].bmp,e75b6c7da295c9f23e3e5b7d2ef4ecdc,Pass,251014_150205,L0,train
Pass\251014_150205_A35W_6-2 [16].bmp,251014_150205_A35W_6-2 [16].bmp,17011d335696afbd66bdc001cd6b3784,Pass,251014_150205,L0,train
Pass\251014_150205_A35W_6-3 [262144].bmp,251014_150205_A35W_6-3 [262144].bmp,ba18f9f779c146a18f14c9feee995492,Pass,251014_150205,L0,train
Pass\251014_150205_A35W_7-1 [1024].bmp,251014_150205_A35W_7-1 [1024].bmp,353a8cb92434a4769528e7d71b9912ed,Pass,251014_150205,L0,train
Pass\251014_150205_A35W_7-2 [16].bmp,251014_150205_A35W_7-2 [16].bmp,30166aca16e30188cee4af9622efe507,Pass,251014_150205,L0,train
Pass\251014_150205_A35W_7-3 [262144].bmp,251014_150205_A35W_7-3 [262144].bmp,f983d29fab1e5ee07c9d12dc2b1b84bb,Pass,251014_150205,L0,train
Pass\251014_150205_A35W_8-2 [16384].bmp,251014_150205_A35W_8-2 [16384].bmp,9e3519c478eb1d1a97f1aacce7997d07,Pass,251014_150205,L0,train
Pass\251014_150205_A35W_8-3 [262144].bmp,251014_150205_A35W_8-3 [262144].bmp,67ef141594aee638e4095b541cfbf5e6,Pass,251014_150205,L0,train
Pass\251014_150205_A35W_9-2 [16].bmp,251014_150205_A35W_9-2 [16].bmp,4ed54e9fe0a14a792051338368058435,Pass,251014_150205,L0,train
Pass\251014_150205_A35W_9-3 [262144].bmp,251014_150205_A35W_9-3 [262144].bmp,8f32640fe5251cf6c5b8f6ff9a6962ec,Pass,251014_150205,L0,train
Pass\251016_150942_A35W_1-2 [16].bmp,251016_150942_A35W_1-2 [16].bmp,f8b46958fbd6b23ad043d7274d8dc00a,Pass,251016_150942,L2,train
Pass\251016_150942_A35W_1-3 [262144].bmp,251016_150942_A35W_1-3 [262144].bmp,3525f1b510d38965eea9ac1109f2a2c6,Pass,251016_150942,L2,train
Pass\251016_150942_A35W_10-2 [16384].bmp,251016_150942_A35W_10-2 [16384].bmp,a0a089bb5aca5882f9b8ef47f3d45183,Pass,251016_150942,L2,train
Pass\251016_150942_A35W_10-3 [262144].bmp,251016_150942_A35W_10-3 [262144].bmp,06cf0be9f268aebcfa9a2aee695f81fc,Pass,251016_150942,L2,train
Pass\251016_150942_A35W_11-2 [16].bmp,251016_150942_A35W_11-2 [16].bmp,8d7a43eef9cd7321842f9d4c0163972f,Pass,251016_150942,L2,train
Pass\251016_150942_A35W_11-3 [262144].bmp,251016_150942_A35W_11-3 [262144].bmp,63bd7b3e3d495927b105f90664a58e4e,Pass,251016_150942,L2,train
Pass\251016_150942_A35W_12-2 [16384].bmp,251016_150942_A35W_12-2 [16384].bmp,051c996843fa3723d41a5a03280763fd,Pass,251016_150942,L2,train
Pass\251016_150942_A35W_12-3 [262144].bmp,251016_150942_A35W_12-3 [262144].bmp,e0ce7ea6d069e6cbf45d397c7d279e82,Pass,251016_150942,L2,train
Pass\251016_150942_A35W_13-2 [16].bmp,251016_150942_A35W_13-2 [16].bmp,c89054f9d6435547774ea3a59c3f51c2,Pass,251016_150942,L2,train
Pass\251016_150942_A35W_13-3 [262144].bmp,251016_150942_A35W_13-3 [262144].bmp,9d7f5d409bc119c5d2d0c4767c69fdbb,Pass,251016_150942,L2,train
Pass\251016_150942_A35W_14-1 [1024].bmp,251016_150942_A35W_14-1 [1024].bmp,6b81c780b2234b07eeb1861fa12d5e85,Pass,251016_150942,L2,train
Pass\251016_150942_A35W_14-2 [16].bmp,251016_150942_A35W_14-2 [16].bmp,d716bd6b6f4de44b89a07c1904bda3cb,Pass,251016_150942,L2,train
Pass\251016_150942_A35W_14-3 [1].bmp,251016_150942_A35W_14-3 [1].bmp,26a727f695858dbe158ee1558efe1aa2,Pass,251016_150942,L2,train
Pass\251016_150942_A35W_15-1 [1024].bmp,251016_150942_A35W_15-1 [1024].bmp,2f40c57bdd34dc00ac586d85e254e0c3,Pass,251016_150942,L2,train
Pass\251016_150942_A35W_15-2 [16].bmp,251016_150942_A35W_15-2 [16].bmp,0f1e0a8d5bce46a28e6ef45a5b2a0a55,Pass,251016_150942,L2,train
Pass\251016_150942_A35W_15-3 [262144].bmp,251016_150942_A35W_15-3 [262144].bmp,a7d5cb697a7217f44ce0f79cc1746392,Pass,251016_150942,L2,train
Pass\251016_150942_A35W_16-1 [16].bmp,251016_150942_A35W_16-1 [16].bmp,ffa2004867d80f90b89e0df487c50868,Pass,251016_150942,L2,train
Pass\251016_150942_A35W_16-2 [16].bmp,251016_150942_A35W_16-2 [16].bmp,33a32fa8601b88d2644e2eea3176d62d,Pass,251016_150942,L2,train
Pass\251016_150942_A35W_16-3 [262144].bmp,251016_150942_A35W_16-3 [262144].bmp,1412e5ca1dffa643c4d793eff655e62d,Pass,251016_150942,L2,train
Pass\251016_150942_A35W_17-1 [1024].bmp,251016_150942_A35W_17-1 [1024].bmp,a055ea62aa712ed3b1ecfa9902ca5741,Pass,251016_150942,L2,train
Pass\251016_150942_A35W_17-2 [16].bmp,251016_150942_A35W_17-2 [16].bmp,dd88cd8d88dae8a5311230b7129ddae6,Pass,251016_150942,L2,train
Pass\251016_150942_A35W_17-3 [262144].bmp,251016_150942_A35W_17-3 [262144].bmp,61fa6b8ef5606e2ccbae19c9cd4e84fe,Pass,251016_150942,L2,train
Pass\251016_150942_A35W_18-2 [16].bmp,251016_150942_A35W_18-2 [16].bmp,220b4ae8f128f5c09e06aff48326b2d7,Pass,251016_150942,L2,train
Pass\251016_150942_A35W_19-1 [1024].bmp,251016_150942_A35W_19-1 [1024].bmp,dea3393f78c94f3d28bab699f62564a9,Pass,251016_150942,L2,train
Pass\251016_150942_A35W_19-2 [16].bmp,251016_150942_A35W_19-2 [16].bmp,c22973e2fad7bbdac394004316af4736,Pass,251016_150942,L2,train
Pass\251016_150942_A35W_19-3 [262144].bmp,251016_150942_A35W_19-3 [262144].bmp,dedb3ea62a4758fc63608e529a7a64bf,Pass,251016_150942,L2,train
Pass\251016_150942_A35W_2-1 [1024].bmp,251016_150942_A35W_2-1 [1024].bmp,f3802818b038d040cd2339d6814f7e5d,Pass,251016_150942,L2,train
Pass\251016_150942_A35W_2-2 [16].bmp,251016_150942_A35W_2-2 [16].bmp,0124e02d74f057a733b3be33fe8d6bdd,Pass,251016_150942,L2,train
Pass\251016_150942_A35W_2-3 [262144].bmp,251016_150942_A35W_2-3 [262144].bmp,20a64a4ce0ba2988e2bb39a17967ce6c,Pass,251016_150942,L2,train
Pass\251016_150942_A35W_20-1 [1024].bmp,251016_150942_A35W_20-1 [1024].bmp,cf84e5c1c92c68d52e96701b077ee890,Pass,251016_150942,L2,train
Pass\251016_150942_A35W_20-2 [16].bmp,251016_150942_A35W_20-2 [16].bmp,a1834c119804a0b32767a2c35ac01967,Pass,251016_150942,L2,train
Pass\251016_150942_A35W_20-3 [262144].bmp,251016_150942_A35W_20-3 [262144].bmp,cabe66e8b266c9f3df054d067c0e5cae,Pass,251016_150942,L2,train
Pass\251016_150942_A35W_21-2 [16].bmp,251016_150942_A35W_21-2 [16].bmp,cb53adf6446870a7fb893528a4f0265e,Pass,251016_150942,L2,train
Pass\251016_150942_A35W_22-2 [16384].bmp,251016_150942_A35W_22-2 [16384].bmp,0e644f036873df0d253c4d60cc391b13,Pass,251016_150942,L2,train
Pass\251016_150942_A35W_22-3 [262144].bmp,251016_150942_A35W_22-3 [262144].bmp,571f6b8df88ba685163a4396da7b69cc,Pass,251016_150942,L2,train
Pass\251016_150942_A35W_23-2 [16].bmp,251016_150942_A35W_23-2 [16].bmp,a1f2cbbf4a7ff9b260b9d306b3ec1b9d,Pass,251016_150942,L2,train
Pass\251016_150942_A35W_24-1 [1024].bmp,251016_150942_A35W_24-1 [1024].bmp,8f704159e55051420272c72de8bf7f0c,Pass,251016_150942,L2,train
Pass\251016_150942_A35W_24-2 [16].bmp,251016_150942_A35W_24-2 [16].bmp,c74f97eb4f53ee2af97da876c4cb1695,Pass,251016_150942,L2,train
Pass\251016_150942_A35W_24-3 [262144].bmp,251016_150942_A35W_24-3 [262144].bmp,45ffac29d79c001a7013a0c417d5d943,Pass,251016_150942,L2,train
Pass\251016_150942_A35W_25-2 [16].bmp,251016_150942_A35W_25-2 [16].bmp,5c8ce5321348fbf4e841f9b81641771f,Pass,251016_150942,L2,train
Pass\251016_150942_A35W_25-3 [262144].bmp,251016_150942_A35W_25-3 [262144].bmp,1b7aaeb3571c48813c862ed9f4609720,Pass,251016_150942,L2,train
Pass\251016_150942_A35W_26-1 [1024].bmp,251016_150942_A35W_26-1 [1024].bmp,688571d65737183e53cf81fe4466ea38,Pass,251016_150942,L2,train
Pass\251016_150942_A35W_27-1 [1024].bmp,251016_150942_A35W_27-1 [1024].bmp,eb94ad35d0f56c90bc4fcbf05a763f1c,Pass,251016_150942,L2,train
Pass\251016_150942_A35W_28-2 [16].bmp,251016_150942_A35W_28-2 [16].bmp,90527bd91d8882a9310542e4f253adb5,Pass,251016_150942,L2,train
Pass\251016_150942_A35W_28-3 [262144].bmp,251016_150942_A35W_28-3 [262144].bmp,fd8986ef73536b5416b2659417eec2f6,Pass,251016_150942,L2,train
Pass\251016_150942_A35W_29-3 [262144].bmp,251016_150942_A35W_29-3 [262144].bmp,08616e587fe1b1640ba10601f2592efe,Pass,251016_150942,L2,train
Pass\251016_150942_A35W_3-2 [16].bmp,251016_150942_A35W_3-2 [16].bmp,790b4a6dbd5396e449dd7d07a4282bd2,Pass,251016_150942,L2,train
Pass\251016_150942_A35W_3-3 [262144].bmp,251016_150942_A35W_3-3 [262144].bmp,f25c61f34f80fc654fada8edde8b3f51,Pass,251016_150942,L2,train
Pass\251016_150942_A35W_30-2 [16].bmp,251016_150942_A35W_30-2 [16].bmp,4094dbce70719ab32e911041caee7271,Pass,251016_150942,L2,train
Pass\251016_150942_A35W_30-3 [262144].bmp,251016_150942_A35W_30-3 [262144].bmp,c19e5c32b90cac324b6986f1899b9ab8,Pass,251016_150942,L2,train
Pass\251016_150942_A35W_31-2 [16].bmp,251016_150942_A35W_31-2 [16].bmp,6cada7c93f713c0f0a263555d4e83dec,Pass,251016_150942,L2,train
Pass\251016_150942_A35W_31-3 [262144].bmp,251016_150942_A35W_31-3 [262144].bmp,d57383c5d63627cc0f88bffd65aba271,Pass,251016_150942,L2,train
Pass\251016_150942_A35W_32-1 [1024].bmp,251016_150942_A35W_32-1 [1024].bmp,b1a99308e5aee34f3add45a1158111a1,Pass,251016_150942,L2,train
Pass\251016_150942_A35W_32-3 [262144].bmp,251016_150942_A35W_32-3 [262144].bmp,65fe201c0d713a6d5382e9a7df49a87b,Pass,251016_150942,L2,train
Pass\251016_150942_A35W_33-2 [16].bmp,251016_150942_A35W_33-2 [16].bmp,235786f1bd14b4960670a4aa0b258692,Pass,251016_150942,L2,train
Pass\251016_150942_A35W_33-3 [262144].bmp,251016_150942_A35W_33-3 [262144].bmp,0504918f4b7880a574971ad6ef2279be,Pass,251016_150942,L2,train
Pass\251016_150942_A35W_34-1 [1024].bmp,251016_150942_A35W_34-1 [1024].bmp,5dd1339caf8e83fcc3bbd2446c418e45,Pass,251016_150942,L2,train
Pass\251016_150942_A35W_35-1 [1024].bmp,251016_150942_A35W_35-1 [1024].bmp,16da48aef46b540218155ceedd23d0d6,Pass,251016_150942,L2,train
Pass\251016_150942_A35W_35-3 [262144].bmp,251016_150942_A35W_35-3 [262144].bmp,2f1efbca2935873502fe1acda8e57d0c,Pass,251016_150942,L2,train
Pass\251016_150942_A35W_36-2 [16].bmp,251016_150942_A35W_36-2 [16].bmp,3138c496547e2255b0b0a985652b8c81,Pass,251016_150942,L2,train
Pass\251016_150942_A35W_36-3 [262144].bmp,251016_150942_A35W_36-3 [262144].bmp,ca6122ce3b67865c63e4e432035e08c5,Pass,251016_150942,L2,train
Pass\251016_150942_A35W_37-2 [16].bmp,251016_150942_A35W_37-2 [16].bmp,00948084402e3273759671003e3293bf,Pass,251016_150942,L2,train
Pass\251016_150942_A35W_38-1 [1024].bmp,251016_150942_A35W_38-1 [1024].bmp,3fd7f556b612274471d915afdb4fa559,Pass,251016_150942,L2,train
Pass\251016_150942_A35W_38-2 [16].bmp,251016_150942_A35W_38-2 [16].bmp,565e4013f036d2ac14c2c53383e43502,Pass,251016_150942,L2,train
Pass\251016_150942_A35W_38-3 [1].bmp,251016_150942_A35W_38-3 [1].bmp,ad8a3f890c0dd46d619496a2d8893a22,Pass,251016_150942,L2,train
Pass\251016_150942_A35W_39-1 [1024].bmp,251016_150942_A35W_39-1 [1024].bmp,1386e118ad566f5f7b087b2708b389ef,Pass,251016_150942,L2,train
Pass\251016_150942_A35W_39-2 [16].bmp,251016_150942_A35W_39-2 [16].bmp,0248c983f9668af8d4b7d644094a1be8,Pass,251016_150942,L2,train
Pass\251016_150942_A35W_4-2 [16].bmp,251016_150942_A35W_4-2 [16].bmp,d64e151a71c20711d042d50e40a0d16b,Pass,251016_150942,L2,train
Pass\251016_150942_A35W_4-3 [262144].bmp,251016_150942_A35W_4-3 [262144].bmp,9624c368c3e8e835c6d8b60f975ca62a,Pass,251016_150942,L2,train
Pass\251016_150942_A35W_5-1 [1024].bmp,251016_150942_A35W_5-1 [1024].bmp,15aea3824d91663a48a3324fe051c356,Pass,251016_150942,L2,train
Pass\251016_150942_A35W_5-2 [16].bmp,251016_150942_A35W_5-2 [16].bmp,861f4d49e23b3b07716b301d0a274647,Pass,251016_150942,L2,train
Pass\251016_150942_A35W_5-3 [262144].bmp,251016_150942_A35W_5-3 [262144].bmp,3f5011c359e931bfd13769b477469dc6,Pass,251016_150942,L2,train
Pass\251016_150942_A35W_6-2 [16].bmp,251016_150942_A35W_6-2 [16].bmp,f6b289cb9116720eae26950f1fcce601,Pass,251016_150942,L2,train
Pass\251016_150942_A35W_6-3 [262144].bmp,251016_150942_A35W_6-3 [262144].bmp,73d24bcc4744b0f6ca35ce1ac22023af,Pass,251016_150942,L2,train
Pass\251016_150942_A35W_7-2 [16].bmp,251016_150942_A35W_7-2 [16].bmp,293dcfe4c55ab8a32f25f50d6483994e,Pass,251016_150942,L2,train
Pass\251016_150942_A35W_7-3 [262144].bmp,251016_150942_A35W_7-3 [262144].bmp,25d7327e80b36bdb23464200d046d78b,Pass,251016_150942,L2,train
Pass\251016_150942_A35W_8-1 [1024].bmp,251016_150942_A35W_8-1 [1024].bmp,898b2251c28eb4cf0ed961da72676618,Pass,251016_150942,L2,train
Pass\251016_150942_A35W_8-2 [16].bmp,251016_150942_A35W_8-2 [16].bmp,f03cb714a7d744e5cb18e163b127c16d,Pass,251016_150942,L2,train
Pass\251016_150942_A35W_8-3 [262144].bmp,251016_150942_A35W_8-3 [262144].bmp,396e30022422ed2cbb203294f4e53609,Pass,251016_150942,L2,train
Pass\251016_150942_A35W_9-1 [16].bmp,251016_150942_A35W_9-1 [16].bmp,b2aa6c9f9c0e0177d9b269bffcef9d1a,Pass,251016_150942,L2,train
Pass\251016_150942_A35W_9-2 [16].bmp,251016_150942_A35W_9-2 [16].bmp,b51aba5ab17428d4eef5c939d51eef45,Pass,251016_150942,L2,train
Fail\Dent\260401_110000_A35W_17-1 [1024].bmp,260401_110000_A35W_17-1 [1024].bmp,0a9cd23c61301e8dc41728ba06f6e71b,Dent,260401_110000,L1,train
Fail\Dent\260401_110000_A35W_19-2 [16384].bmp,260401_110000_A35W_19-2 [16384].bmp,eccc5e3b948ca1a0a42e0396aadeb335,Dent,260401_110000,L1,train
Fail\Dent\260401_140000_A35W_27-1 [1024].bmp,260401_140000_A35W_27-1 [1024].bmp,324549f72c793742ee81c49e34f7baa6,Dent,260401_140000,L1,train
Fail\Dent\260401_140000_A35W_29-1 [1024].bmp,260401_140000_A35W_29-1 [1024].bmp,1d7bd25c6d838b53b711b273b1274d33,Dent,260401_140000,L1,train
Fail\Dent\260402_100000_A35W_11-1 [1024].bmp,260402_100000_A35W_11-1 [1024].bmp,4065e4e70a689d6c4ba9db64fdacab9d,Dent,260402_100000,L1,train
Fail\Dent\260402_100000_A35W_9-1 [1024].bmp,260402_100000_A35W_9-1 [1024].bmp,8bdcdcc2658d82b13a42cf737b8841ba,Dent,260402_100000,L1,train
Fail\Dent\260403_100000_A35W_7-2 [16].bmp,260403_100000_A35W_7-2 [16].bmp,e7c0e446eb414c80528dac4e537de9b5,Dent,260403_100000,L2,train
Fail\Loose\260401_150000_A35W_1-1 [1024].bmp,260401_150000_A35W_1-1 [1024].bmp,a2ce61272f136f63fcbff410d86cd318,Loose,260401_150000,L0,train
Fail\Loose\260402_100000_A35W_18-1 [1024].bmp,260402_100000_A35W_18-1 [1024].bmp,4f9092cac2cd63857b13659e61839b2f,Loose,260402_100000,L1,train
Fail\Loose\260402_110000_A35W_18-1 [1024].bmp,260402_110000_A35W_18-1 [1024].bmp,92d8021e2c5eefc0b9bddcaaaaf5eb75,Loose,260402_110000,L1,train
Fail\Loose\260402_110000_A35W_3-2 [16384].bmp,260402_110000_A35W_3-2 [16384].bmp,19ed7c7db8a6950133449f6a3fc867e7,Loose,260402_110000,L1,train
Fail\Loose\260402_110000_A35W_5-1 [1024].bmp,260402_110000_A35W_5-1 [1024].bmp,c2603b642c61c039532104df5a2a631e,Loose,260402_110000,L1,train
Fail\Loose\260402_140000_A35W_11-1 [16].bmp,260402_140000_A35W_11-1 [16].bmp,0dfaba45ff0f47b6a2edbbca3bc29711,Loose,260402_140000,L0,train
Fail\Loose\260402_140000_A35W_12-3 [262144].bmp,260402_140000_A35W_12-3 [262144].bmp,1b466abc54c00e3560e691769dc3c47b,Loose,260402_140000,L0,train
Fail\Loose\260402_140000_A35W_5-3 [262144].bmp,260402_140000_A35W_5-3 [262144].bmp,1c0808daa89398b1eff93d98e13333d8,Loose,260402_140000,L0,train
Fail\Loose\260402_140000_A35W_6-3 [262144].bmp,260402_140000_A35W_6-3 [262144].bmp,ea7ca8a0bd58868961e327b1fa3b6dc3,Loose,260402_140000,L0,train
Fail\Loose\260402_140000_A35W_7-1 [1024].bmp,260402_140000_A35W_7-1 [1024].bmp,972099fc5e1961c81a19b678df4842d6,Loose,260402_140000,L0,train
Fail\Loose\260403_100000_A35W_11-3 [262144].bmp,260403_100000_A35W_11-3 [262144].bmp,05138c6993147ec723322a16e0cb0531,Loose,260403_100000,L2,train
Fail\Loose\260403_110000_A35W_11-1 [1024].bmp,260403_110000_A35W_11-1 [1024].bmp,8e30ac1bc220e021ed07019efccee04c,Loose,260403_110000,L1,train
Pass\260401_100000_A35W_10-3 [16].bmp,260401_100000_A35W_10-3 [16].bmp,3a7c6757f94ea3445737a6366c3bd7e9,Pass,260401_100000,L0,train
Pass\260401_100000_A35W_11-1 [1024].bmp,260401_100000_A35W_11-1 [1024].bmp,ff576c632bb59b094afe4c4b5acb680e,Pass,260401_100000,L0,train
Pass\260401_100000_A35W_21-1 [1024].bmp,260401_100000_A35W_21-1 [1024].bmp,abd128e0255407f7dcb533ef0f98e064,Pass,260401_100000,L0,train
Pass\260401_100000_A35W_35-1 [1024].bmp,260401_100000_A35W_35-1 [1024].bmp,d9d664f557b401204989d9c8dc318619,Pass,260401_100000,L0,train
Pass\260401_100000_A35W_39-3 [262144].bmp,260401_100000_A35W_39-3 [262144].bmp,db10d41a0a73f28256b634deb0b48859,Pass,260401_100000,L0,train
Pass\260401_100000_A35W_4-2 [16384].bmp,260401_100000_A35W_4-2 [16384].bmp,cfd067b1f10e54e5c46663dfda60cdfa,Pass,260401_100000,L0,train
Pass\260401_120000_A35W_11-1 [1024].bmp,260401_120000_A35W_11-1 [1024].bmp,816512c9f1d73e1e4d6c6c7acc9b4cc8,Pass,260401_120000,L1,train
Pass\260401_120000_A35W_26-1 [1024].bmp,260401_120000_A35W_26-1 [1024].bmp,e4e94a755cd34410d5083e555e29bfd6,Pass,260401_120000,L1,train
Pass\260401_120000_A35W_28-2 [16384].bmp,260401_120000_A35W_28-2 [16384].bmp,027fe43b0646d679912cb97e721a70f8,Pass,260401_120000,L1,train
Pass\260401_150000_A35W_2-3 [16].bmp,260401_150000_A35W_2-3 [16].bmp,b8bdf4503b9c399c24679ea63a1c1b48,Pass,260401_150000,L0,train
Pass\260402_120000_A35W_11-3 [16].bmp,260402_120000_A35W_11-3 [16].bmp,5cb6a64324a0bac8505a442de7b8c3ea,Pass,260402_120000,L2,train
Pass\260402_120000_A35W_14-2 [16384].bmp,260402_120000_A35W_14-2 [16384].bmp,269ef0f03bd3193822c65ec01c049609,Pass,260402_120000,L2,train
Pass\260402_120000_A35W_16-2 [16384].bmp,260402_120000_A35W_16-2 [16384].bmp,b88970cee3ee46461eb59df41fd287c4,Pass,260402_120000,L2,train
Pass\260402_120000_A35W_25-2 [16384].bmp,260402_120000_A35W_25-2 [16384].bmp,5260f6adb025776ca6920bc19415a0fb,Pass,260402_120000,L2,train
Pass\260402_120000_A35W_27-2 [16384].bmp,260402_120000_A35W_27-2 [16384].bmp,0fff3984f5774d13853ea0c917acef96,Pass,260402_120000,L2,train
Pass\260402_120000_A35W_33-3 [262144].bmp,260402_120000_A35W_33-3 [262144].bmp,8ccbb322494efd17b03395bbc65fa463,Pass,260402_120000,L2,train
